id,opportunity_id,seller_id,date,type,minutes,qualified_next_step,segment,source_kind,scenario_id
ACT-0001-0,SIM-0001,S001,2026-04-23,Admin,35,False,Growth,synthetic,planning-v2-seed-20260920
ACT-0001-1,SIM-0001,S001,2026-05-01,Discovery,45,True,Growth,synthetic,planning-v2-seed-20260920
ACT-0001-2,SIM-0001,S001,2026-05-09,Admin,35,True,Growth,synthetic,planning-v2-seed-20260920
ACT-0001-3,SIM-0001,S001,2026-05-17,Discovery,45,False,Growth,synthetic,planning-v2-seed-20260920
ACT-0001-4,SIM-0001,S001,2026-05-25,Admin,35,True,Growth,synthetic,planning-v2-seed-20260920
ACT-0001-5,SIM-0001,S001,2026-06-11,Discovery,45,True,Growth,synthetic,planning-v2-seed-20260920
ACT-0002-0,SIM-0002,S002,2026-05-27,Admin,35,False,Enterprise,synthetic,planning-v2-seed-20260920
ACT-0002-1,SIM-0002,S002,2026-06-07,Discovery,45,True,Enterprise,synthetic,planning-v2-seed-20260920
ACT-0002-2,SIM-0002,S002,2026-06-18,Admin,35,True,Enterprise,synthetic,planning-v2-seed-20260920
ACT-0002-3,SIM-0002,S002,2026-06-29,Discovery,45,False,Enterprise,synthetic,planning-v2-seed-20260920
ACT-0002-4,SIM-0002,S002,2026-07-10,Admin,35,True,Enterprise,synthetic,planning-v2-seed-20260920
ACT-0002-5,SIM-0002,S002,2026-07-20,Discovery,45,True,Enterprise,synthetic,planning-v2-seed-20260920
ACT-0003-0,SIM-0003,S003,2026-04-29,Admin,35,False,Scale,synthetic,planning-v2-seed-20260920
ACT-0003-1,SIM-0003,S003,2026-05-17,Discovery,45,True,Scale,synthetic,planning-v2-seed-20260920
ACT-0003-2,SIM-0003,S003,2026-06-04,Admin,35,True,Scale,synthetic,planning-v2-seed-20260920
ACT-0003-3,SIM-0003,S003,2026-06-22,Discovery,45,False,Scale,synthetic,planning-v2-seed-20260920
ACT-0003-4,SIM-0003,S003,2026-07-10,Admin,35,True,Scale,synthetic,planning-v2-seed-20260920
ACT-0003-5,SIM-0003,S003,2026-08-18,Discovery,45,True,Scale,synthetic,planning-v2-seed-20260920
ACT-0004-0,SIM-0004,S004,2026-06-20,Admin,35,False,Growth,synthetic,planning-v2-seed-20260920
ACT-0004-1,SIM-0004,S004,2026-06-28,Discovery,45,True,Growth,synthetic,planning-v2-seed-20260920
ACT-0004-2,SIM-0004,S004,2026-07-06,Admin,35,True,Growth,synthetic,planning-v2-seed-20260920
ACT-0004-3,SIM-0004,S004,2026-07-14,Discovery,45,False,Growth,synthetic,planning-v2-seed-20260920
ACT-0004-4,SIM-0004,S004,2026-07-22,Admin,35,True,Growth,synthetic,planning-v2-seed-20260920
ACT-0004-5,SIM-0004,S004,2026-08-07,Discovery,45,True,Growth,synthetic,planning-v2-seed-20260920
ACT-0005-0,SIM-0005,S005,2026-03-05,Admin,35,False,Enterprise,synthetic,planning-v2-seed-20260920
ACT-0005-1,SIM-0005,S005,2026-03-19,Discovery,45,True,Enterprise,synthetic,planning-v2-seed-20260920
ACT-0005-2,SIM-0005,S005,2026-04-03,Admin,35,True,Enterprise,synthetic,planning-v2-seed-20260920
ACT-0005-3,SIM-0005,S005,2026-04-17,Discovery,45,False,Enterprise,synthetic,planning-v2-seed-20260920
ACT-0005-4,SIM-0005,S005,2026-05-02,Admin,35,True,Enterprise,synthetic,planning-v2-seed-20260920
ACT-0005-5,SIM-0005,S005,2026-05-29,Discovery,45,True,Enterprise,synthetic,planning-v2-seed-20260920
ACT-0006-0,SIM-0006,S006,2026-03-23,Admin,35,False,Scale,synthetic,planning-v2-seed-20260920
ACT-0006-1,SIM-0006,S006,2026-04-05,Discovery,45,True,Scale,synthetic,planning-v2-seed-20260920
ACT-0006-2,SIM-0006,S006,2026-04-18,Admin,35,True,Scale,synthetic,planning-v2-seed-20260920
ACT-0006-3,SIM-0006,S006,2026-05-01,Discovery,45,False,Scale,synthetic,planning-v2-seed-20260920
ACT-0006-4,SIM-0006,S006,2026-05-14,Admin,35,True,Scale,synthetic,planning-v2-seed-20260920
ACT-0006-5,SIM-0006,S006,2026-06-08,Discovery,45,True,Scale,synthetic,planning-v2-seed-20260920
ACT-0007-0,SIM-0007,S007,2026-08-13,Admin,35,False,Growth,synthetic,planning-v2-seed-20260920
ACT-0007-1,SIM-0007,S007,2026-08-27,Discovery,45,True,Growth,synthetic,planning-v2-seed-20260920
ACT-0007-2,SIM-0007,S007,2026-09-10,Admin,35,True,Growth,synthetic,planning-v2-seed-20260920
ACT-0008-0,SIM-0008,S008,2026-03-22,Admin,35,False,Enterprise,synthetic,planning-v2-seed-20260920
ACT-0008-1,SIM-0008,S008,2026-03-27,Discovery,45,True,Enterprise,synthetic,planning-v2-seed-20260920
ACT-0008-2,SIM-0008,S008,2026-04-02,Admin,35,True,Enterprise,synthetic,planning-v2-seed-20260920
ACT-0008-3,SIM-0008,S008,2026-04-08,Discovery,45,False,Enterprise,synthetic,planning-v2-seed-20260920
ACT-0008-4,SIM-0008,S008,2026-04-14,Admin,35,True,Enterprise,synthetic,planning-v2-seed-20260920
ACT-0008-5,SIM-0008,S008,2026-05-03,Discovery,45,True,Enterprise,synthetic,planning-v2-seed-20260920
ACT-0009-0,SIM-0009,S009,2026-08-30,Admin,35,False,Scale,synthetic,planning-v2-seed-20260920
ACT-0010-0,SIM-0010,S010,2026-03-03,Admin,35,False,Growth,synthetic,planning-v2-seed-20260920
ACT-0010-1,SIM-0010,S010,2026-03-12,Discovery,45,True,Growth,synthetic,planning-v2-seed-20260920
ACT-0010-2,SIM-0010,S010,2026-03-22,Admin,35,True,Growth,synthetic,planning-v2-seed-20260920
ACT-0010-3,SIM-0010,S010,2026-04-01,Discovery,45,False,Growth,synthetic,planning-v2-seed-20260920
ACT-0010-4,SIM-0010,S010,2026-04-11,Admin,35,True,Growth,synthetic,planning-v2-seed-20260920
ACT-0010-5,SIM-0010,S010,2026-05-07,Discovery,45,True,Growth,synthetic,planning-v2-seed-20260920
ACT-0011-0,SIM-0011,S011,2026-04-06,Admin,35,False,Enterprise,synthetic,planning-v2-seed-20260920
ACT-0011-1,SIM-0011,S011,2026-04-13,Discovery,45,True,Enterprise,synthetic,planning-v2-seed-20260920
ACT-0011-2,SIM-0011,S011,2026-04-20,Admin,35,True,Enterprise,synthetic,planning-v2-seed-20260920
ACT-0011-3,SIM-0011,S011,2026-04-27,Discovery,45,False,Enterprise,synthetic,planning-v2-seed-20260920
ACT-0011-4,SIM-0011,S011,2026-05-04,Admin,35,True,Enterprise,synthetic,planning-v2-seed-20260920
ACT-0011-5,SIM-0011,S011,2026-05-22,Discovery,45,True,Enterprise,synthetic,planning-v2-seed-20260920
ACT-0012-0,SIM-0012,S012,2026-04-17,Admin,35,False,Scale,synthetic,planning-v2-seed-20260920
ACT-0012-1,SIM-0012,S012,2026-04-22,Discovery,45,True,Scale,synthetic,planning-v2-seed-20260920
ACT-0012-2,SIM-0012,S012,2026-04-28,Admin,35,True,Scale,synthetic,planning-v2-seed-20260920
ACT-0012-3,SIM-0012,S012,2026-05-04,Discovery,45,False,Scale,synthetic,planning-v2-seed-20260920
ACT-0012-4,SIM-0012,S012,2026-05-10,Admin,35,True,Scale,synthetic,planning-v2-seed-20260920
ACT-0013-0,SIM-0013,S013,2026-01-07,Admin,35,False,Growth,synthetic,planning-v2-seed-20260920
ACT-0013-1,SIM-0013,S013,2026-01-24,Discovery,45,True,Growth,synthetic,planning-v2-seed-20260920
ACT-0013-2,SIM-0013,S013,2026-02-11,Admin,35,True,Growth,synthetic,planning-v2-seed-20260920
ACT-0013-3,SIM-0013,S013,2026-02-28,Discovery,45,False,Growth,synthetic,planning-v2-seed-20260920
ACT-0013-4,SIM-0013,S013,2026-03-18,Admin,35,True,Growth,synthetic,planning-v2-seed-20260920
ACT-0013-5,SIM-0013,S013,2026-04-13,Discovery,45,True,Growth,synthetic,planning-v2-seed-20260920
ACT-0014-0,SIM-0014,S014,2026-07-18,Admin,35,False,Enterprise,synthetic,planning-v2-seed-20260920
ACT-0014-1,SIM-0014,S014,2026-08-09,Discovery,45,True,Enterprise,synthetic,planning-v2-seed-20260920
ACT-0014-2,SIM-0014,S014,2026-08-31,Admin,35,True,Enterprise,synthetic,planning-v2-seed-20260920
ACT-0015-0,SIM-0015,S015,2026-09-10,Admin,35,False,Scale,synthetic,planning-v2-seed-20260920
ACT-0016-0,SIM-0016,S016,2026-03-15,Admin,35,False,Growth,synthetic,planning-v2-seed-20260920
ACT-0016-1,SIM-0016,S016,2026-04-01,Discovery,45,True,Growth,synthetic,planning-v2-seed-20260920
ACT-0016-2,SIM-0016,S016,2026-04-18,Admin,35,True,Growth,synthetic,planning-v2-seed-20260920
ACT-0016-3,SIM-0016,S016,2026-05-05,Discovery,45,False,Growth,synthetic,planning-v2-seed-20260920
ACT-0016-4,SIM-0016,S016,2026-05-22,Admin,35,True,Growth,synthetic,planning-v2-seed-20260920
ACT-0016-5,SIM-0016,S016,2026-06-12,Discovery,45,True,Growth,synthetic,planning-v2-seed-20260920
ACT-0017-0,SIM-0017,S017,2025-12-13,Admin,35,False,Enterprise,synthetic,planning-v2-seed-20260920
ACT-0017-1,SIM-0017,S017,2025-12-22,Discovery,45,True,Enterprise,synthetic,planning-v2-seed-20260920
ACT-0017-2,SIM-0017,S017,2025-12-31,Admin,35,True,Enterprise,synthetic,planning-v2-seed-20260920
ACT-0017-3,SIM-0017,S017,2026-01-09,Discovery,45,False,Enterprise,synthetic,planning-v2-seed-20260920
ACT-0017-4,SIM-0017,S017,2026-01-18,Admin,35,True,Enterprise,synthetic,planning-v2-seed-20260920
ACT-0017-5,SIM-0017,S017,2026-02-01,Discovery,45,True,Enterprise,synthetic,planning-v2-seed-20260920
ACT-0018-0,SIM-0018,S018,2026-07-14,Admin,35,False,Scale,synthetic,planning-v2-seed-20260920
ACT-0018-1,SIM-0018,S018,2026-07-20,Discovery,45,True,Scale,synthetic,planning-v2-seed-20260920
ACT-0018-2,SIM-0018,S018,2026-07-27,Admin,35,True,Scale,synthetic,planning-v2-seed-20260920
ACT-0018-3,SIM-0018,S018,2026-08-03,Discovery,45,False,Scale,synthetic,planning-v2-seed-20260920
ACT-0018-4,SIM-0018,S018,2026-08-10,Admin,35,True,Scale,synthetic,planning-v2-seed-20260920
ACT-0018-5,SIM-0018,S018,2026-08-13,Discovery,45,True,Scale,synthetic,planning-v2-seed-20260920
ACT-0019-0,SIM-0019,S019,2026-04-20,Admin,35,False,Growth,synthetic,planning-v2-seed-20260920
ACT-0019-1,SIM-0019,S019,2026-05-11,Discovery,45,True,Growth,synthetic,planning-v2-seed-20260920
ACT-0019-2,SIM-0019,S019,2026-06-01,Admin,35,True,Growth,synthetic,planning-v2-seed-20260920
ACT-0019-3,SIM-0019,S019,2026-06-22,Discovery,45,False,Growth,synthetic,planning-v2-seed-20260920
ACT-0019-4,SIM-0019,S019,2026-07-13,Admin,35,True,Growth,synthetic,planning-v2-seed-20260920
ACT-0019-5,SIM-0019,S019,2026-08-07,Discovery,45,True,Growth,synthetic,planning-v2-seed-20260920
ACT-0020-0,SIM-0020,S020,2026-01-13,Admin,35,False,Enterprise,synthetic,planning-v2-seed-20260920
ACT-0020-1,SIM-0020,S020,2026-01-20,Discovery,45,True,Enterprise,synthetic,planning-v2-seed-20260920
ACT-0020-2,SIM-0020,S020,2026-01-28,Admin,35,True,Enterprise,synthetic,planning-v2-seed-20260920
ACT-0020-3,SIM-0020,S020,2026-02-04,Discovery,45,False,Enterprise,synthetic,planning-v2-seed-20260920
ACT-0020-4,SIM-0020,S020,2026-02-12,Admin,35,True,Enterprise,synthetic,planning-v2-seed-20260920
ACT-0020-5,SIM-0020,S020,2026-02-28,Discovery,45,True,Enterprise,synthetic,planning-v2-seed-20260920
ACT-0021-0,SIM-0021,S021,2026-01-12,Admin,35,False,Scale,synthetic,planning-v2-seed-20260920
ACT-0021-1,SIM-0021,S021,2026-01-30,Discovery,45,True,Scale,synthetic,planning-v2-seed-20260920
ACT-0021-2,SIM-0021,S021,2026-02-17,Admin,35,True,Scale,synthetic,planning-v2-seed-20260920
ACT-0021-3,SIM-0021,S021,2026-03-07,Discovery,45,False,Scale,synthetic,planning-v2-seed-20260920
ACT-0021-4,SIM-0021,S021,2026-03-25,Admin,35,True,Scale,synthetic,planning-v2-seed-20260920
ACT-0021-5,SIM-0021,S021,2026-04-14,Discovery,45,True,Scale,synthetic,planning-v2-seed-20260920
ACT-0022-0,SIM-0022,S022,2026-09-10,Admin,35,False,Growth,synthetic,planning-v2-seed-20260920
ACT-0023-0,SIM-0023,S023,2026-06-07,Admin,35,False,Enterprise,synthetic,planning-v2-seed-20260920
ACT-0023-1,SIM-0023,S023,2026-06-16,Discovery,45,True,Enterprise,synthetic,planning-v2-seed-20260920
ACT-0023-2,SIM-0023,S023,2026-06-25,Admin,35,True,Enterprise,synthetic,planning-v2-seed-20260920
ACT-0023-3,SIM-0023,S023,2026-07-05,Discovery,45,False,Enterprise,synthetic,planning-v2-seed-20260920
ACT-0023-4,SIM-0023,S023,2026-07-14,Admin,35,True,Enterprise,synthetic,planning-v2-seed-20260920
ACT-0023-5,SIM-0023,S023,2026-08-14,Discovery,45,True,Enterprise,synthetic,planning-v2-seed-20260920
ACT-0024-0,SIM-0024,S024,2026-04-02,Admin,35,False,Scale,synthetic,planning-v2-seed-20260920
ACT-0024-1,SIM-0024,S024,2026-04-15,Discovery,45,True,Scale,synthetic,planning-v2-seed-20260920
ACT-0024-2,SIM-0024,S024,2026-04-28,Admin,35,True,Scale,synthetic,planning-v2-seed-20260920
ACT-0024-3,SIM-0024,S024,2026-05-12,Discovery,45,False,Scale,synthetic,planning-v2-seed-20260920
ACT-0024-4,SIM-0024,S024,2026-05-25,Admin,35,True,Scale,synthetic,planning-v2-seed-20260920
ACT-0024-5,SIM-0024,S024,2026-06-18,Discovery,45,True,Scale,synthetic,planning-v2-seed-20260920
ACT-0025-0,SIM-0025,S025,2026-05-08,Admin,35,False,Growth,synthetic,planning-v2-seed-20260920
ACT-0025-1,SIM-0025,S025,2026-05-13,Discovery,45,True,Growth,synthetic,planning-v2-seed-20260920
ACT-0025-2,SIM-0025,S025,2026-05-18,Admin,35,True,Growth,synthetic,planning-v2-seed-20260920
ACT-0025-3,SIM-0025,S025,2026-05-23,Discovery,45,False,Growth,synthetic,planning-v2-seed-20260920
ACT-0025-4,SIM-0025,S025,2026-05-28,Admin,35,True,Growth,synthetic,planning-v2-seed-20260920
ACT-0025-5,SIM-0025,S025,2026-06-27,Discovery,45,True,Growth,synthetic,planning-v2-seed-20260920
ACT-0026-0,SIM-0026,S026,2025-12-30,Admin,35,False,Enterprise,synthetic,planning-v2-seed-20260920
ACT-0026-1,SIM-0026,S026,2026-01-21,Discovery,45,True,Enterprise,synthetic,planning-v2-seed-20260920
ACT-0026-2,SIM-0026,S026,2026-02-12,Admin,35,True,Enterprise,synthetic,planning-v2-seed-20260920
ACT-0026-3,SIM-0026,S026,2026-03-06,Discovery,45,False,Enterprise,synthetic,planning-v2-seed-20260920
ACT-0026-4,SIM-0026,S026,2026-03-28,Admin,35,True,Enterprise,synthetic,planning-v2-seed-20260920
ACT-0026-5,SIM-0026,S026,2026-05-06,Discovery,45,True,Enterprise,synthetic,planning-v2-seed-20260920
ACT-0027-0,SIM-0027,S027,2026-01-10,Admin,35,False,Scale,synthetic,planning-v2-seed-20260920
ACT-0027-1,SIM-0027,S027,2026-01-17,Discovery,45,True,Scale,synthetic,planning-v2-seed-20260920
ACT-0027-2,SIM-0027,S027,2026-01-24,Admin,35,True,Scale,synthetic,planning-v2-seed-20260920
ACT-0027-3,SIM-0027,S027,2026-01-31,Discovery,45,False,Scale,synthetic,planning-v2-seed-20260920
ACT-0027-4,SIM-0027,S027,2026-02-07,Admin,35,True,Scale,synthetic,planning-v2-seed-20260920
ACT-0027-5,SIM-0027,S027,2026-02-11,Discovery,45,True,Scale,synthetic,planning-v2-seed-20260920
ACT-0028-0,SIM-0028,S028,2026-04-26,Admin,35,False,Growth,synthetic,planning-v2-seed-20260920
ACT-0028-1,SIM-0028,S028,2026-05-06,Discovery,45,True,Growth,synthetic,planning-v2-seed-20260920
ACT-0028-2,SIM-0028,S028,2026-05-17,Admin,35,True,Growth,synthetic,planning-v2-seed-20260920
ACT-0028-3,SIM-0028,S028,2026-05-27,Discovery,45,False,Growth,synthetic,planning-v2-seed-20260920
ACT-0028-4,SIM-0028,S028,2026-06-07,Admin,35,True,Growth,synthetic,planning-v2-seed-20260920
ACT-0028-5,SIM-0028,S028,2026-06-25,Discovery,45,True,Growth,synthetic,planning-v2-seed-20260920
ACT-0029-0,SIM-0029,S029,2026-01-12,Admin,35,False,Enterprise,synthetic,planning-v2-seed-20260920
ACT-0029-1,SIM-0029,S029,2026-01-22,Discovery,45,True,Enterprise,synthetic,planning-v2-seed-20260920
ACT-0029-2,SIM-0029,S029,2026-02-01,Admin,35,True,Enterprise,synthetic,planning-v2-seed-20260920
ACT-0029-3,SIM-0029,S029,2026-02-12,Discovery,45,False,Enterprise,synthetic,planning-v2-seed-20260920
ACT-0029-4,SIM-0029,S029,2026-02-22,Admin,35,True,Enterprise,synthetic,planning-v2-seed-20260920
ACT-0029-5,SIM-0029,S029,2026-03-19,Discovery,45,True,Enterprise,synthetic,planning-v2-seed-20260920
ACT-0030-0,SIM-0030,S030,2026-06-30,Admin,35,False,Scale,synthetic,planning-v2-seed-20260920
ACT-0030-1,SIM-0030,S030,2026-07-16,Discovery,45,True,Scale,synthetic,planning-v2-seed-20260920
ACT-0030-2,SIM-0030,S030,2026-08-01,Admin,35,True,Scale,synthetic,planning-v2-seed-20260920
ACT-0030-3,SIM-0030,S030,2026-08-17,Discovery,45,False,Scale,synthetic,planning-v2-seed-20260920
ACT-0030-4,SIM-0030,S030,2026-09-02,Admin,35,True,Scale,synthetic,planning-v2-seed-20260920
ACT-0030-5,SIM-0030,S030,2026-09-17,Discovery,45,True,Scale,synthetic,planning-v2-seed-20260920
ACT-0031-0,SIM-0031,S031,2026-09-06,Admin,35,False,Growth,synthetic,planning-v2-seed-20260920
ACT-0032-0,SIM-0032,S032,2026-09-06,Admin,35,False,Enterprise,synthetic,planning-v2-seed-20260920
ACT-0032-1,SIM-0032,S032,2026-09-18,Discovery,45,True,Enterprise,synthetic,planning-v2-seed-20260920
ACT-0033-0,SIM-0033,S033,2026-09-17,Admin,35,False,Scale,synthetic,planning-v2-seed-20260920
ACT-0034-0,SIM-0034,S034,2026-09-02,Admin,35,False,Growth,synthetic,planning-v2-seed-20260920
ACT-0035-0,SIM-0035,S035,2026-09-06,Admin,35,False,Enterprise,synthetic,planning-v2-seed-20260920
ACT-0035-1,SIM-0035,S035,2026-09-13,Discovery,45,True,Enterprise,synthetic,planning-v2-seed-20260920
ACT-0036-0,SIM-0036,S001,2026-08-18,Admin,35,False,Scale,synthetic,planning-v2-seed-20260920
ACT-0036-1,SIM-0036,S001,2026-08-24,Discovery,45,True,Scale,synthetic,planning-v2-seed-20260920
ACT-0036-2,SIM-0036,S001,2026-08-30,Admin,35,True,Scale,synthetic,planning-v2-seed-20260920
ACT-0036-3,SIM-0036,S001,2026-09-06,Discovery,45,False,Scale,synthetic,planning-v2-seed-20260920
ACT-0036-4,SIM-0036,S001,2026-09-12,Admin,35,True,Scale,synthetic,planning-v2-seed-20260920
ACT-0037-0,SIM-0037,S002,2026-05-29,Admin,35,False,Growth,synthetic,planning-v2-seed-20260920
ACT-0037-1,SIM-0037,S002,2026-06-09,Discovery,45,True,Growth,synthetic,planning-v2-seed-20260920
ACT-0037-2,SIM-0037,S002,2026-06-20,Admin,35,True,Growth,synthetic,planning-v2-seed-20260920
ACT-0037-3,SIM-0037,S002,2026-07-01,Discovery,45,False,Growth,synthetic,planning-v2-seed-20260920
ACT-0037-4,SIM-0037,S002,2026-07-12,Admin,35,True,Growth,synthetic,planning-v2-seed-20260920
ACT-0037-5,SIM-0037,S002,2026-08-14,Discovery,45,True,Growth,synthetic,planning-v2-seed-20260920
ACT-0038-0,SIM-0038,S003,2026-03-15,Admin,35,False,Enterprise,synthetic,planning-v2-seed-20260920
ACT-0038-1,SIM-0038,S003,2026-04-01,Discovery,45,True,Enterprise,synthetic,planning-v2-seed-20260920
ACT-0038-2,SIM-0038,S003,2026-04-19,Admin,35,True,Enterprise,synthetic,planning-v2-seed-20260920
ACT-0038-3,SIM-0038,S003,2026-05-06,Discovery,45,False,Enterprise,synthetic,planning-v2-seed-20260920
ACT-0038-4,SIM-0038,S003,2026-05-24,Admin,35,True,Enterprise,synthetic,planning-v2-seed-20260920
ACT-0038-5,SIM-0038,S003,2026-06-25,Discovery,45,True,Enterprise,synthetic,planning-v2-seed-20260920
ACT-0039-0,SIM-0039,S004,2026-03-27,Admin,35,False,Scale,synthetic,planning-v2-seed-20260920
ACT-0039-1,SIM-0039,S004,2026-04-12,Discovery,45,True,Scale,synthetic,planning-v2-seed-20260920
ACT-0039-2,SIM-0039,S004,2026-04-28,Admin,35,True,Scale,synthetic,planning-v2-seed-20260920
ACT-0039-3,SIM-0039,S004,2026-05-14,Discovery,45,False,Scale,synthetic,planning-v2-seed-20260920
ACT-0039-4,SIM-0039,S004,2026-05-30,Admin,35,True,Scale,synthetic,planning-v2-seed-20260920
ACT-0039-5,SIM-0039,S004,2026-07-02,Discovery,45,True,Scale,synthetic,planning-v2-seed-20260920
ACT-0040-0,SIM-0040,S005,2026-06-28,Admin,35,False,Growth,synthetic,planning-v2-seed-20260920
ACT-0040-1,SIM-0040,S005,2026-07-10,Discovery,45,True,Growth,synthetic,planning-v2-seed-20260920
ACT-0040-2,SIM-0040,S005,2026-07-23,Admin,35,True,Growth,synthetic,planning-v2-seed-20260920
ACT-0040-3,SIM-0040,S005,2026-08-05,Discovery,45,False,Growth,synthetic,planning-v2-seed-20260920
ACT-0040-4,SIM-0040,S005,2026-08-18,Admin,35,True,Growth,synthetic,planning-v2-seed-20260920
ACT-0040-5,SIM-0040,S005,2026-09-05,Discovery,45,True,Growth,synthetic,planning-v2-seed-20260920
ACT-0041-0,SIM-0041,S006,2026-07-30,Admin,35,False,Enterprise,synthetic,planning-v2-seed-20260920
ACT-0041-1,SIM-0041,S006,2026-08-15,Discovery,45,True,Enterprise,synthetic,planning-v2-seed-20260920
ACT-0041-2,SIM-0041,S006,2026-08-31,Admin,35,True,Enterprise,synthetic,planning-v2-seed-20260920
ACT-0041-3,SIM-0041,S006,2026-09-17,Discovery,45,False,Enterprise,synthetic,planning-v2-seed-20260920
ACT-0042-0,SIM-0042,S007,2026-05-04,Admin,35,False,Scale,synthetic,planning-v2-seed-20260920
ACT-0042-1,SIM-0042,S007,2026-05-18,Discovery,45,True,Scale,synthetic,planning-v2-seed-20260920
ACT-0042-2,SIM-0042,S007,2026-06-01,Admin,35,True,Scale,synthetic,planning-v2-seed-20260920
ACT-0042-3,SIM-0042,S007,2026-06-15,Discovery,45,False,Scale,synthetic,planning-v2-seed-20260920
ACT-0042-4,SIM-0042,S007,2026-06-29,Admin,35,True,Scale,synthetic,planning-v2-seed-20260920
ACT-0042-5,SIM-0042,S007,2026-07-25,Discovery,45,True,Scale,synthetic,planning-v2-seed-20260920
ACT-0043-0,SIM-0043,S008,2026-09-17,Admin,35,False,Growth,synthetic,planning-v2-seed-20260920
ACT-0044-0,SIM-0044,S009,2026-08-21,Admin,35,False,Enterprise,synthetic,planning-v2-seed-20260920
ACT-0044-1,SIM-0044,S009,2026-09-04,Discovery,45,True,Enterprise,synthetic,planning-v2-seed-20260920
ACT-0045-0,SIM-0045,S010,2026-05-05,Admin,35,False,Scale,synthetic,planning-v2-seed-20260920
ACT-0045-1,SIM-0045,S010,2026-05-15,Discovery,45,True,Scale,synthetic,planning-v2-seed-20260920
ACT-0045-2,SIM-0045,S010,2026-05-26,Admin,35,True,Scale,synthetic,planning-v2-seed-20260920
ACT-0045-3,SIM-0045,S010,2026-06-05,Discovery,45,False,Scale,synthetic,planning-v2-seed-20260920
ACT-0045-4,SIM-0045,S010,2026-06-16,Admin,35,True,Scale,synthetic,planning-v2-seed-20260920
ACT-0045-5,SIM-0045,S010,2026-06-23,Discovery,45,True,Scale,synthetic,planning-v2-seed-20260920
ACT-0046-0,SIM-0046,S011,2026-07-21,Admin,35,False,Growth,synthetic,planning-v2-seed-20260920
ACT-0046-1,SIM-0046,S011,2026-08-09,Discovery,45,True,Growth,synthetic,planning-v2-seed-20260920
ACT-0046-2,SIM-0046,S011,2026-08-29,Admin,35,True,Growth,synthetic,planning-v2-seed-20260920
ACT-0046-3,SIM-0046,S011,2026-09-18,Discovery,45,False,Growth,synthetic,planning-v2-seed-20260920
ACT-0047-0,SIM-0047,S012,2026-07-23,Admin,35,False,Enterprise,synthetic,planning-v2-seed-20260920
ACT-0047-1,SIM-0047,S012,2026-07-31,Discovery,45,True,Enterprise,synthetic,planning-v2-seed-20260920
ACT-0047-2,SIM-0047,S012,2026-08-09,Admin,35,True,Enterprise,synthetic,planning-v2-seed-20260920
ACT-0047-3,SIM-0047,S012,2026-08-18,Discovery,45,False,Enterprise,synthetic,planning-v2-seed-20260920
ACT-0047-4,SIM-0047,S012,2026-08-27,Admin,35,True,Enterprise,synthetic,planning-v2-seed-20260920
ACT-0047-5,SIM-0047,S012,2026-09-04,Discovery,45,True,Enterprise,synthetic,planning-v2-seed-20260920
ACT-0048-0,SIM-0048,S013,2026-05-24,Admin,35,False,Scale,synthetic,planning-v2-seed-20260920
ACT-0048-1,SIM-0048,S013,2026-06-02,Discovery,45,True,Scale,synthetic,planning-v2-seed-20260920
ACT-0048-2,SIM-0048,S013,2026-06-12,Admin,35,True,Scale,synthetic,planning-v2-seed-20260920
ACT-0048-3,SIM-0048,S013,2026-06-22,Discovery,45,False,Scale,synthetic,planning-v2-seed-20260920
ACT-0048-4,SIM-0048,S013,2026-07-02,Admin,35,True,Scale,synthetic,planning-v2-seed-20260920
ACT-0048-5,SIM-0048,S013,2026-07-15,Discovery,45,True,Scale,synthetic,planning-v2-seed-20260920
ACT-0049-0,SIM-0049,S014,2026-08-30,Admin,35,False,Growth,synthetic,planning-v2-seed-20260920
ACT-0049-1,SIM-0049,S014,2026-09-18,Discovery,45,True,Growth,synthetic,planning-v2-seed-20260920
ACT-0050-0,SIM-0050,S015,2026-09-15,Admin,35,False,Enterprise,synthetic,planning-v2-seed-20260920
ACT-0051-0,SIM-0051,S016,2026-08-08,Admin,35,False,Scale,synthetic,planning-v2-seed-20260920
ACT-0051-1,SIM-0051,S016,2026-08-26,Discovery,45,True,Scale,synthetic,planning-v2-seed-20260920
ACT-0051-2,SIM-0051,S016,2026-09-14,Admin,35,True,Scale,synthetic,planning-v2-seed-20260920
ACT-0052-0,SIM-0052,S017,2026-02-26,Admin,35,False,Growth,synthetic,planning-v2-seed-20260920
ACT-0052-1,SIM-0052,S017,2026-03-13,Discovery,45,True,Growth,synthetic,planning-v2-seed-20260920
ACT-0052-2,SIM-0052,S017,2026-03-29,Admin,35,True,Growth,synthetic,planning-v2-seed-20260920
ACT-0052-3,SIM-0052,S017,2026-04-14,Discovery,45,False,Growth,synthetic,planning-v2-seed-20260920
ACT-0052-4,SIM-0052,S017,2026-04-30,Admin,35,True,Growth,synthetic,planning-v2-seed-20260920
ACT-0052-5,SIM-0052,S017,2026-05-11,Discovery,45,True,Growth,synthetic,planning-v2-seed-20260920
ACT-0053-0,SIM-0053,S018,2026-02-03,Admin,35,False,Enterprise,synthetic,planning-v2-seed-20260920
ACT-0053-1,SIM-0053,S018,2026-02-20,Discovery,45,True,Enterprise,synthetic,planning-v2-seed-20260920
ACT-0053-2,SIM-0053,S018,2026-03-09,Admin,35,True,Enterprise,synthetic,planning-v2-seed-20260920
ACT-0053-3,SIM-0053,S018,2026-03-26,Discovery,45,False,Enterprise,synthetic,planning-v2-seed-20260920
ACT-0053-4,SIM-0053,S018,2026-04-12,Admin,35,True,Enterprise,synthetic,planning-v2-seed-20260920
ACT-0053-5,SIM-0053,S018,2026-04-30,Discovery,45,True,Enterprise,synthetic,planning-v2-seed-20260920
ACT-0054-0,SIM-0054,S019,2026-01-05,Admin,35,False,Scale,synthetic,planning-v2-seed-20260920
ACT-0054-1,SIM-0054,S019,2026-01-11,Discovery,45,True,Scale,synthetic,planning-v2-seed-20260920
ACT-0054-2,SIM-0054,S019,2026-01-17,Admin,35,True,Scale,synthetic,planning-v2-seed-20260920
ACT-0054-3,SIM-0054,S019,2026-01-24,Discovery,45,False,Scale,synthetic,planning-v2-seed-20260920
ACT-0054-4,SIM-0054,S019,2026-01-30,Admin,35,True,Scale,synthetic,planning-v2-seed-20260920
ACT-0054-5,SIM-0054,S019,2026-02-24,Discovery,45,True,Scale,synthetic,planning-v2-seed-20260920
ACT-0055-0,SIM-0055,S020,2026-06-04,Admin,35,False,Growth,synthetic,planning-v2-seed-20260920
ACT-0055-1,SIM-0055,S020,2026-06-27,Discovery,45,True,Growth,synthetic,planning-v2-seed-20260920
ACT-0055-2,SIM-0055,S020,2026-07-20,Admin,35,True,Growth,synthetic,planning-v2-seed-20260920
ACT-0055-3,SIM-0055,S020,2026-08-12,Discovery,45,False,Growth,synthetic,planning-v2-seed-20260920
ACT-0055-4,SIM-0055,S020,2026-09-04,Admin,35,True,Growth,synthetic,planning-v2-seed-20260920
ACT-0056-0,SIM-0056,S021,2026-07-14,Admin,35,False,Enterprise,synthetic,planning-v2-seed-20260920
ACT-0056-1,SIM-0056,S021,2026-07-20,Discovery,45,True,Enterprise,synthetic,planning-v2-seed-20260920
ACT-0056-2,SIM-0056,S021,2026-07-27,Admin,35,True,Enterprise,synthetic,planning-v2-seed-20260920
ACT-0056-3,SIM-0056,S021,2026-08-03,Discovery,45,False,Enterprise,synthetic,planning-v2-seed-20260920
ACT-0056-4,SIM-0056,S021,2026-08-10,Admin,35,True,Enterprise,synthetic,planning-v2-seed-20260920
ACT-0056-5,SIM-0056,S021,2026-08-15,Discovery,45,True,Enterprise,synthetic,planning-v2-seed-20260920
ACT-0057-0,SIM-0057,S022,2026-01-29,Admin,35,False,Scale,synthetic,planning-v2-seed-20260920
ACT-0057-1,SIM-0057,S022,2026-02-06,Discovery,45,True,Scale,synthetic,planning-v2-seed-20260920
ACT-0057-2,SIM-0057,S022,2026-02-14,Admin,35,True,Scale,synthetic,planning-v2-seed-20260920
ACT-0057-3,SIM-0057,S022,2026-02-22,Discovery,45,False,Scale,synthetic,planning-v2-seed-20260920
ACT-0057-4,SIM-0057,S022,2026-03-02,Admin,35,True,Scale,synthetic,planning-v2-seed-20260920
ACT-0057-5,SIM-0057,S022,2026-04-04,Discovery,45,True,Scale,synthetic,planning-v2-seed-20260920
ACT-0058-0,SIM-0058,S023,2026-03-24,Admin,35,False,Growth,synthetic,planning-v2-seed-20260920
ACT-0058-1,SIM-0058,S023,2026-03-30,Discovery,45,True,Growth,synthetic,planning-v2-seed-20260920
ACT-0058-2,SIM-0058,S023,2026-04-06,Admin,35,True,Growth,synthetic,planning-v2-seed-20260920
ACT-0058-3,SIM-0058,S023,2026-04-12,Discovery,45,False,Growth,synthetic,planning-v2-seed-20260920
ACT-0058-4,SIM-0058,S023,2026-04-19,Admin,35,True,Growth,synthetic,planning-v2-seed-20260920
ACT-0058-5,SIM-0058,S023,2026-05-20,Discovery,45,True,Growth,synthetic,planning-v2-seed-20260920
ACT-0059-0,SIM-0059,S024,2026-05-09,Admin,35,False,Enterprise,synthetic,planning-v2-seed-20260920
ACT-0059-1,SIM-0059,S024,2026-05-17,Discovery,45,True,Enterprise,synthetic,planning-v2-seed-20260920
ACT-0059-2,SIM-0059,S024,2026-05-25,Admin,35,True,Enterprise,synthetic,planning-v2-seed-20260920
ACT-0059-3,SIM-0059,S024,2026-06-03,Discovery,45,False,Enterprise,synthetic,planning-v2-seed-20260920
ACT-0059-4,SIM-0059,S024,2026-06-11,Admin,35,True,Enterprise,synthetic,planning-v2-seed-20260920
ACT-0059-5,SIM-0059,S024,2026-06-25,Discovery,45,True,Enterprise,synthetic,planning-v2-seed-20260920
ACT-0060-0,SIM-0060,S025,2026-03-12,Admin,35,False,Scale,synthetic,planning-v2-seed-20260920
ACT-0060-1,SIM-0060,S025,2026-03-20,Discovery,45,True,Scale,synthetic,planning-v2-seed-20260920
ACT-0060-2,SIM-0060,S025,2026-03-28,Admin,35,True,Scale,synthetic,planning-v2-seed-20260920
ACT-0060-3,SIM-0060,S025,2026-04-05,Discovery,45,False,Scale,synthetic,planning-v2-seed-20260920
ACT-0060-4,SIM-0060,S025,2026-04-13,Admin,35,True,Scale,synthetic,planning-v2-seed-20260920
ACT-0060-5,SIM-0060,S025,2026-04-22,Discovery,45,True,Scale,synthetic,planning-v2-seed-20260920
ACT-0061-0,SIM-0061,S026,2026-07-27,Admin,35,False,Growth,synthetic,planning-v2-seed-20260920
ACT-0061-1,SIM-0061,S026,2026-08-03,Discovery,45,True,Growth,synthetic,planning-v2-seed-20260920
ACT-0061-2,SIM-0061,S026,2026-08-10,Admin,35,True,Growth,synthetic,planning-v2-seed-20260920
ACT-0061-3,SIM-0061,S026,2026-08-17,Discovery,45,False,Growth,synthetic,planning-v2-seed-20260920
ACT-0061-4,SIM-0061,S026,2026-08-24,Admin,35,True,Growth,synthetic,planning-v2-seed-20260920
ACT-0062-0,SIM-0062,S027,2026-05-01,Admin,35,False,Enterprise,synthetic,planning-v2-seed-20260920
ACT-0062-1,SIM-0062,S027,2026-05-18,Discovery,45,True,Enterprise,synthetic,planning-v2-seed-20260920
ACT-0062-2,SIM-0062,S027,2026-06-05,Admin,35,True,Enterprise,synthetic,planning-v2-seed-20260920
ACT-0062-3,SIM-0062,S027,2026-06-23,Discovery,45,False,Enterprise,synthetic,planning-v2-seed-20260920
ACT-0062-4,SIM-0062,S027,2026-07-11,Admin,35,True,Enterprise,synthetic,planning-v2-seed-20260920
ACT-0062-5,SIM-0062,S027,2026-08-17,Discovery,45,True,Enterprise,synthetic,planning-v2-seed-20260920
ACT-0063-0,SIM-0063,S028,2026-04-15,Admin,35,False,Scale,synthetic,planning-v2-seed-20260920
ACT-0063-1,SIM-0063,S028,2026-04-22,Discovery,45,True,Scale,synthetic,planning-v2-seed-20260920
ACT-0063-2,SIM-0063,S028,2026-04-29,Admin,35,True,Scale,synthetic,planning-v2-seed-20260920
ACT-0063-3,SIM-0063,S028,2026-05-06,Discovery,45,False,Scale,synthetic,planning-v2-seed-20260920
ACT-0063-4,SIM-0063,S028,2026-05-13,Admin,35,True,Scale,synthetic,planning-v2-seed-20260920
ACT-0063-5,SIM-0063,S028,2026-05-21,Discovery,45,True,Scale,synthetic,planning-v2-seed-20260920
ACT-0064-0,SIM-0064,S029,2026-09-12,Admin,35,False,Growth,synthetic,planning-v2-seed-20260920
ACT-0064-1,SIM-0064,S029,2026-09-17,Discovery,45,True,Growth,synthetic,planning-v2-seed-20260920
ACT-0065-0,SIM-0065,S030,2026-07-31,Admin,35,False,Enterprise,synthetic,planning-v2-seed-20260920
ACT-0065-1,SIM-0065,S030,2026-08-22,Discovery,45,True,Enterprise,synthetic,planning-v2-seed-20260920
ACT-0065-2,SIM-0065,S030,2026-09-14,Admin,35,True,Enterprise,synthetic,planning-v2-seed-20260920
ACT-0066-0,SIM-0066,S031,2026-08-30,Admin,35,False,Scale,synthetic,planning-v2-seed-20260920
ACT-0066-1,SIM-0066,S031,2026-09-17,Discovery,45,True,Scale,synthetic,planning-v2-seed-20260920
ACT-0067-0,SIM-0067,S032,2026-07-26,Admin,35,False,Growth,synthetic,planning-v2-seed-20260920
ACT-0067-1,SIM-0067,S032,2026-08-13,Discovery,45,True,Growth,synthetic,planning-v2-seed-20260920
ACT-0067-2,SIM-0067,S032,2026-08-31,Admin,35,True,Growth,synthetic,planning-v2-seed-20260920
ACT-0068-0,SIM-0068,S033,2026-07-17,Admin,35,False,Enterprise,synthetic,planning-v2-seed-20260920
ACT-0068-1,SIM-0068,S033,2026-07-28,Discovery,45,True,Enterprise,synthetic,planning-v2-seed-20260920
ACT-0068-2,SIM-0068,S033,2026-08-08,Admin,35,True,Enterprise,synthetic,planning-v2-seed-20260920
ACT-0068-3,SIM-0068,S033,2026-08-19,Discovery,45,False,Enterprise,synthetic,planning-v2-seed-20260920
ACT-0068-4,SIM-0068,S033,2026-08-30,Admin,35,True,Enterprise,synthetic,planning-v2-seed-20260920
ACT-0069-0,SIM-0069,S034,2026-08-02,Admin,35,False,Scale,synthetic,planning-v2-seed-20260920
ACT-0069-1,SIM-0069,S034,2026-08-21,Discovery,45,True,Scale,synthetic,planning-v2-seed-20260920
ACT-0069-2,SIM-0069,S034,2026-09-09,Admin,35,True,Scale,synthetic,planning-v2-seed-20260920
ACT-0070-0,SIM-0070,S035,2026-07-24,Admin,35,False,Growth,synthetic,planning-v2-seed-20260920
ACT-0070-1,SIM-0070,S035,2026-08-10,Discovery,45,True,Growth,synthetic,planning-v2-seed-20260920
ACT-0070-2,SIM-0070,S035,2026-08-27,Admin,35,True,Growth,synthetic,planning-v2-seed-20260920
ACT-0070-3,SIM-0070,S035,2026-09-13,Discovery,45,False,Growth,synthetic,planning-v2-seed-20260920
ACT-0071-0,SIM-0071,S001,2026-07-22,Admin,35,False,Enterprise,synthetic,planning-v2-seed-20260920
ACT-0071-1,SIM-0071,S001,2026-08-05,Discovery,45,True,Enterprise,synthetic,planning-v2-seed-20260920
ACT-0071-2,SIM-0071,S001,2026-08-19,Admin,35,True,Enterprise,synthetic,planning-v2-seed-20260920
ACT-0071-3,SIM-0071,S001,2026-09-02,Discovery,45,False,Enterprise,synthetic,planning-v2-seed-20260920
ACT-0071-4,SIM-0071,S001,2026-09-16,Admin,35,True,Enterprise,synthetic,planning-v2-seed-20260920
ACT-0072-0,SIM-0072,S002,2025-12-11,Admin,35,False,Scale,synthetic,planning-v2-seed-20260920
ACT-0072-1,SIM-0072,S002,2025-12-18,Discovery,45,True,Scale,synthetic,planning-v2-seed-20260920
ACT-0072-2,SIM-0072,S002,2025-12-25,Admin,35,True,Scale,synthetic,planning-v2-seed-20260920
ACT-0072-3,SIM-0072,S002,2026-01-01,Discovery,45,False,Scale,synthetic,planning-v2-seed-20260920
ACT-0072-4,SIM-0072,S002,2026-01-08,Admin,35,True,Scale,synthetic,planning-v2-seed-20260920
ACT-0072-5,SIM-0072,S002,2026-01-29,Discovery,45,True,Scale,synthetic,planning-v2-seed-20260920
ACT-0073-0,SIM-0073,S003,2026-07-21,Admin,35,False,Growth,synthetic,planning-v2-seed-20260920
ACT-0073-1,SIM-0073,S003,2026-07-27,Discovery,45,True,Growth,synthetic,planning-v2-seed-20260920
ACT-0073-2,SIM-0073,S003,2026-08-02,Admin,35,True,Growth,synthetic,planning-v2-seed-20260920
ACT-0073-3,SIM-0073,S003,2026-08-08,Discovery,45,False,Growth,synthetic,planning-v2-seed-20260920
ACT-0073-4,SIM-0073,S003,2026-08-14,Admin,35,True,Growth,synthetic,planning-v2-seed-20260920
ACT-0073-5,SIM-0073,S003,2026-08-23,Discovery,45,True,Growth,synthetic,planning-v2-seed-20260920
ACT-0074-0,SIM-0074,S004,2026-07-15,Admin,35,False,Enterprise,synthetic,planning-v2-seed-20260920
ACT-0074-1,SIM-0074,S004,2026-08-02,Discovery,45,True,Enterprise,synthetic,planning-v2-seed-20260920
ACT-0074-2,SIM-0074,S004,2026-08-20,Admin,35,True,Enterprise,synthetic,planning-v2-seed-20260920
ACT-0074-3,SIM-0074,S004,2026-09-07,Discovery,45,False,Enterprise,synthetic,planning-v2-seed-20260920
ACT-0075-0,SIM-0075,S005,2026-03-04,Admin,35,False,Scale,synthetic,planning-v2-seed-20260920
ACT-0075-1,SIM-0075,S005,2026-03-12,Discovery,45,True,Scale,synthetic,planning-v2-seed-20260920
ACT-0075-2,SIM-0075,S005,2026-03-20,Admin,35,True,Scale,synthetic,planning-v2-seed-20260920
ACT-0075-3,SIM-0075,S005,2026-03-29,Discovery,45,False,Scale,synthetic,planning-v2-seed-20260920
ACT-0075-4,SIM-0075,S005,2026-04-06,Admin,35,True,Scale,synthetic,planning-v2-seed-20260920
ACT-0075-5,SIM-0075,S005,2026-05-06,Discovery,45,True,Scale,synthetic,planning-v2-seed-20260920
ACT-0076-0,SIM-0076,S006,2026-05-10,Admin,35,False,Growth,synthetic,planning-v2-seed-20260920
ACT-0076-1,SIM-0076,S006,2026-05-17,Discovery,45,True,Growth,synthetic,planning-v2-seed-20260920
ACT-0076-2,SIM-0076,S006,2026-05-25,Admin,35,True,Growth,synthetic,planning-v2-seed-20260920
ACT-0076-3,SIM-0076,S006,2026-06-01,Discovery,45,False,Growth,synthetic,planning-v2-seed-20260920
ACT-0076-4,SIM-0076,S006,2026-06-09,Admin,35,True,Growth,synthetic,planning-v2-seed-20260920
ACT-0076-5,SIM-0076,S006,2026-07-01,Discovery,45,True,Growth,synthetic,planning-v2-seed-20260920
ACT-0077-0,SIM-0077,S007,2026-04-01,Admin,35,False,Enterprise,synthetic,planning-v2-seed-20260920
ACT-0077-1,SIM-0077,S007,2026-04-08,Discovery,45,True,Enterprise,synthetic,planning-v2-seed-20260920
ACT-0077-2,SIM-0077,S007,2026-04-16,Admin,35,True,Enterprise,synthetic,planning-v2-seed-20260920
ACT-0077-3,SIM-0077,S007,2026-04-24,Discovery,45,False,Enterprise,synthetic,planning-v2-seed-20260920
ACT-0077-4,SIM-0077,S007,2026-05-02,Admin,35,True,Enterprise,synthetic,planning-v2-seed-20260920
ACT-0077-5,SIM-0077,S007,2026-06-02,Discovery,45,True,Enterprise,synthetic,planning-v2-seed-20260920
ACT-0078-0,SIM-0078,S008,2025-12-23,Admin,35,False,Scale,synthetic,planning-v2-seed-20260920
ACT-0078-1,SIM-0078,S008,2026-01-03,Discovery,45,True,Scale,synthetic,planning-v2-seed-20260920
ACT-0078-2,SIM-0078,S008,2026-01-15,Admin,35,True,Scale,synthetic,planning-v2-seed-20260920
ACT-0078-3,SIM-0078,S008,2026-01-27,Discovery,45,False,Scale,synthetic,planning-v2-seed-20260920
ACT-0078-4,SIM-0078,S008,2026-02-08,Admin,35,True,Scale,synthetic,planning-v2-seed-20260920
ACT-0078-5,SIM-0078,S008,2026-03-16,Discovery,45,True,Scale,synthetic,planning-v2-seed-20260920
ACT-0079-0,SIM-0079,S009,2026-02-11,Admin,35,False,Growth,synthetic,planning-v2-seed-20260920
ACT-0079-1,SIM-0079,S009,2026-02-22,Discovery,45,True,Growth,synthetic,planning-v2-seed-20260920
ACT-0079-2,SIM-0079,S009,2026-03-05,Admin,35,True,Growth,synthetic,planning-v2-seed-20260920
ACT-0079-3,SIM-0079,S009,2026-03-16,Discovery,45,False,Growth,synthetic,planning-v2-seed-20260920
ACT-0079-4,SIM-0079,S009,2026-03-27,Admin,35,True,Growth,synthetic,planning-v2-seed-20260920
ACT-0079-5,SIM-0079,S009,2026-04-08,Discovery,45,True,Growth,synthetic,planning-v2-seed-20260920
ACT-0080-0,SIM-0080,S010,2026-01-29,Admin,35,False,Enterprise,synthetic,planning-v2-seed-20260920
ACT-0080-1,SIM-0080,S010,2026-02-12,Discovery,45,True,Enterprise,synthetic,planning-v2-seed-20260920
ACT-0080-2,SIM-0080,S010,2026-02-26,Admin,35,True,Enterprise,synthetic,planning-v2-seed-20260920
ACT-0080-3,SIM-0080,S010,2026-03-12,Discovery,45,False,Enterprise,synthetic,planning-v2-seed-20260920
ACT-0080-4,SIM-0080,S010,2026-03-26,Admin,35,True,Enterprise,synthetic,planning-v2-seed-20260920
ACT-0080-5,SIM-0080,S010,2026-04-04,Discovery,45,True,Enterprise,synthetic,planning-v2-seed-20260920
ACT-0081-0,SIM-0081,S011,2026-07-19,Admin,35,False,Scale,synthetic,planning-v2-seed-20260920
ACT-0081-1,SIM-0081,S011,2026-07-31,Discovery,45,True,Scale,synthetic,planning-v2-seed-20260920
ACT-0081-2,SIM-0081,S011,2026-08-12,Admin,35,True,Scale,synthetic,planning-v2-seed-20260920
ACT-0081-3,SIM-0081,S011,2026-08-24,Discovery,45,False,Scale,synthetic,planning-v2-seed-20260920
ACT-0081-4,SIM-0081,S011,2026-09-05,Admin,35,True,Scale,synthetic,planning-v2-seed-20260920
ACT-0082-0,SIM-0082,S012,2026-01-01,Admin,35,False,Growth,synthetic,planning-v2-seed-20260920
ACT-0082-1,SIM-0082,S012,2026-01-22,Discovery,45,True,Growth,synthetic,planning-v2-seed-20260920
ACT-0082-2,SIM-0082,S012,2026-02-12,Admin,35,True,Growth,synthetic,planning-v2-seed-20260920
ACT-0082-3,SIM-0082,S012,2026-03-06,Discovery,45,False,Growth,synthetic,planning-v2-seed-20260920
ACT-0082-4,SIM-0082,S012,2026-03-27,Admin,35,True,Growth,synthetic,planning-v2-seed-20260920
ACT-0082-5,SIM-0082,S012,2026-05-01,Discovery,45,True,Growth,synthetic,planning-v2-seed-20260920
ACT-0083-0,SIM-0083,S013,2026-07-18,Admin,35,False,Enterprise,synthetic,planning-v2-seed-20260920
ACT-0083-1,SIM-0083,S013,2026-07-27,Discovery,45,True,Enterprise,synthetic,planning-v2-seed-20260920
ACT-0083-2,SIM-0083,S013,2026-08-05,Admin,35,True,Enterprise,synthetic,planning-v2-seed-20260920
ACT-0083-3,SIM-0083,S013,2026-08-15,Discovery,45,False,Enterprise,synthetic,planning-v2-seed-20260920
ACT-0083-4,SIM-0083,S013,2026-08-24,Admin,35,True,Enterprise,synthetic,planning-v2-seed-20260920
ACT-0083-5,SIM-0083,S013,2026-09-04,Discovery,45,True,Enterprise,synthetic,planning-v2-seed-20260920
ACT-0084-0,SIM-0084,S014,2026-08-02,Admin,35,False,Scale,synthetic,planning-v2-seed-20260920
ACT-0084-1,SIM-0084,S014,2026-08-14,Discovery,45,True,Scale,synthetic,planning-v2-seed-20260920
ACT-0084-2,SIM-0084,S014,2026-08-26,Admin,35,True,Scale,synthetic,planning-v2-seed-20260920
ACT-0084-3,SIM-0084,S014,2026-09-07,Discovery,45,False,Scale,synthetic,planning-v2-seed-20260920
ACT-0085-0,SIM-0085,S015,2026-01-12,Admin,35,False,Growth,synthetic,planning-v2-seed-20260920
ACT-0085-1,SIM-0085,S015,2026-01-25,Discovery,45,True,Growth,synthetic,planning-v2-seed-20260920
ACT-0085-2,SIM-0085,S015,2026-02-08,Admin,35,True,Growth,synthetic,planning-v2-seed-20260920
ACT-0085-3,SIM-0085,S015,2026-02-22,Discovery,45,False,Growth,synthetic,planning-v2-seed-20260920
ACT-0085-4,SIM-0085,S015,2026-03-08,Admin,35,True,Growth,synthetic,planning-v2-seed-20260920
ACT-0085-5,SIM-0085,S015,2026-03-26,Discovery,45,True,Growth,synthetic,planning-v2-seed-20260920
ACT-0086-0,SIM-0086,S016,2025-12-23,Admin,35,False,Growth,synthetic,planning-v2-seed-20260920
ACT-0086-1,SIM-0086,S016,2025-12-30,Discovery,45,True,Growth,synthetic,planning-v2-seed-20260920
ACT-0086-2,SIM-0086,S016,2026-01-07,Admin,35,True,Growth,synthetic,planning-v2-seed-20260920
ACT-0086-3,SIM-0086,S016,2026-01-14,Discovery,45,False,Growth,synthetic,planning-v2-seed-20260920
ACT-0086-4,SIM-0086,S016,2026-01-22,Admin,35,True,Growth,synthetic,planning-v2-seed-20260920
ACT-0086-5,SIM-0086,S016,2026-02-05,Discovery,45,True,Growth,synthetic,planning-v2-seed-20260920
ACT-0087-0,SIM-0087,S017,2026-07-28,Admin,35,False,Enterprise,synthetic,planning-v2-seed-20260920
ACT-0087-1,SIM-0087,S017,2026-08-09,Discovery,45,True,Enterprise,synthetic,planning-v2-seed-20260920
ACT-0087-2,SIM-0087,S017,2026-08-22,Admin,35,True,Enterprise,synthetic,planning-v2-seed-20260920
ACT-0087-3,SIM-0087,S017,2026-09-04,Discovery,45,False,Enterprise,synthetic,planning-v2-seed-20260920
ACT-0087-4,SIM-0087,S017,2026-09-17,Admin,35,True,Enterprise,synthetic,planning-v2-seed-20260920
ACT-0088-0,SIM-0088,S018,2026-03-27,Admin,35,False,Scale,synthetic,planning-v2-seed-20260920
ACT-0088-1,SIM-0088,S018,2026-04-12,Discovery,45,True,Scale,synthetic,planning-v2-seed-20260920
ACT-0088-2,SIM-0088,S018,2026-04-28,Admin,35,True,Scale,synthetic,planning-v2-seed-20260920
ACT-0088-3,SIM-0088,S018,2026-05-14,Discovery,45,False,Scale,synthetic,planning-v2-seed-20260920
ACT-0088-4,SIM-0088,S018,2026-05-30,Admin,35,True,Scale,synthetic,planning-v2-seed-20260920
ACT-0088-5,SIM-0088,S018,2026-06-15,Discovery,45,True,Scale,synthetic,planning-v2-seed-20260920
ACT-0089-0,SIM-0089,S019,2025-12-23,Admin,35,False,Growth,synthetic,planning-v2-seed-20260920
ACT-0089-1,SIM-0089,S019,2026-01-08,Discovery,45,True,Growth,synthetic,planning-v2-seed-20260920
ACT-0089-2,SIM-0089,S019,2026-01-24,Admin,35,True,Growth,synthetic,planning-v2-seed-20260920
ACT-0089-3,SIM-0089,S019,2026-02-10,Discovery,45,False,Growth,synthetic,planning-v2-seed-20260920
ACT-0089-4,SIM-0089,S019,2026-02-26,Admin,35,True,Growth,synthetic,planning-v2-seed-20260920
ACT-0089-5,SIM-0089,S019,2026-03-17,Discovery,45,True,Growth,synthetic,planning-v2-seed-20260920
ACT-0090-0,SIM-0090,S020,2026-05-11,Admin,35,False,Enterprise,synthetic,planning-v2-seed-20260920
ACT-0090-1,SIM-0090,S020,2026-05-22,Discovery,45,True,Enterprise,synthetic,planning-v2-seed-20260920
ACT-0090-2,SIM-0090,S020,2026-06-02,Admin,35,True,Enterprise,synthetic,planning-v2-seed-20260920
ACT-0090-3,SIM-0090,S020,2026-06-13,Discovery,45,False,Enterprise,synthetic,planning-v2-seed-20260920
ACT-0090-4,SIM-0090,S020,2026-06-24,Admin,35,True,Enterprise,synthetic,planning-v2-seed-20260920
ACT-0090-5,SIM-0090,S020,2026-07-02,Discovery,45,True,Enterprise,synthetic,planning-v2-seed-20260920
ACT-0091-0,SIM-0091,S021,2026-04-23,Admin,35,False,Scale,synthetic,planning-v2-seed-20260920
ACT-0091-1,SIM-0091,S021,2026-04-29,Discovery,45,True,Scale,synthetic,planning-v2-seed-20260920
ACT-0091-2,SIM-0091,S021,2026-05-06,Admin,35,True,Scale,synthetic,planning-v2-seed-20260920
ACT-0091-3,SIM-0091,S021,2026-05-13,Discovery,45,False,Scale,synthetic,planning-v2-seed-20260920
ACT-0091-4,SIM-0091,S021,2026-05-20,Admin,35,True,Scale,synthetic,planning-v2-seed-20260920
ACT-0091-5,SIM-0091,S021,2026-06-02,Discovery,45,True,Scale,synthetic,planning-v2-seed-20260920
ACT-0092-0,SIM-0092,S022,2026-02-04,Admin,35,False,Growth,synthetic,planning-v2-seed-20260920
ACT-0092-1,SIM-0092,S022,2026-02-20,Discovery,45,True,Growth,synthetic,planning-v2-seed-20260920
ACT-0092-2,SIM-0092,S022,2026-03-08,Admin,35,True,Growth,synthetic,planning-v2-seed-20260920
ACT-0092-3,SIM-0092,S022,2026-03-24,Discovery,45,False,Growth,synthetic,planning-v2-seed-20260920
ACT-0092-4,SIM-0092,S022,2026-04-09,Admin,35,True,Growth,synthetic,planning-v2-seed-20260920
ACT-0092-5,SIM-0092,S022,2026-05-07,Discovery,45,True,Growth,synthetic,planning-v2-seed-20260920
ACT-0093-0,SIM-0093,S023,2026-07-17,Admin,35,False,Enterprise,synthetic,planning-v2-seed-20260920
ACT-0093-1,SIM-0093,S023,2026-08-08,Discovery,45,True,Enterprise,synthetic,planning-v2-seed-20260920
ACT-0093-2,SIM-0093,S023,2026-08-30,Admin,35,True,Enterprise,synthetic,planning-v2-seed-20260920
ACT-0094-0,SIM-0094,S024,2026-05-11,Admin,35,False,Scale,synthetic,planning-v2-seed-20260920
ACT-0094-1,SIM-0094,S024,2026-05-31,Discovery,45,True,Scale,synthetic,planning-v2-seed-20260920
ACT-0094-2,SIM-0094,S024,2026-06-21,Admin,35,True,Scale,synthetic,planning-v2-seed-20260920
ACT-0094-3,SIM-0094,S024,2026-07-12,Discovery,45,False,Scale,synthetic,planning-v2-seed-20260920
ACT-0094-4,SIM-0094,S024,2026-08-02,Admin,35,True,Scale,synthetic,planning-v2-seed-20260920
ACT-0094-5,SIM-0094,S024,2026-09-02,Discovery,45,True,Scale,synthetic,planning-v2-seed-20260920
ACT-0095-0,SIM-0095,S025,2026-04-14,Admin,35,False,Growth,synthetic,planning-v2-seed-20260920
ACT-0095-1,SIM-0095,S025,2026-04-24,Discovery,45,True,Growth,synthetic,planning-v2-seed-20260920
ACT-0095-2,SIM-0095,S025,2026-05-04,Admin,35,True,Growth,synthetic,planning-v2-seed-20260920
ACT-0095-3,SIM-0095,S025,2026-05-14,Discovery,45,False,Growth,synthetic,planning-v2-seed-20260920
ACT-0095-4,SIM-0095,S025,2026-05-24,Admin,35,True,Growth,synthetic,planning-v2-seed-20260920
ACT-0095-5,SIM-0095,S025,2026-06-17,Discovery,45,True,Growth,synthetic,planning-v2-seed-20260920
ACT-0096-0,SIM-0096,S026,2026-08-29,Admin,35,False,Enterprise,synthetic,planning-v2-seed-20260920
ACT-0096-1,SIM-0096,S026,2026-09-15,Discovery,45,True,Enterprise,synthetic,planning-v2-seed-20260920
ACT-0097-0,SIM-0097,S027,2026-07-11,Admin,35,False,Scale,synthetic,planning-v2-seed-20260920
ACT-0097-1,SIM-0097,S027,2026-08-04,Discovery,45,True,Scale,synthetic,planning-v2-seed-20260920
ACT-0097-2,SIM-0097,S027,2026-08-28,Admin,35,True,Scale,synthetic,planning-v2-seed-20260920
ACT-0098-0,SIM-0098,S028,2025-12-03,Admin,35,False,Growth,synthetic,planning-v2-seed-20260920
ACT-0098-1,SIM-0098,S028,2025-12-22,Discovery,45,True,Growth,synthetic,planning-v2-seed-20260920
ACT-0098-2,SIM-0098,S028,2026-01-10,Admin,35,True,Growth,synthetic,planning-v2-seed-20260920
ACT-0098-3,SIM-0098,S028,2026-01-29,Discovery,45,False,Growth,synthetic,planning-v2-seed-20260920
ACT-0098-4,SIM-0098,S028,2026-02-17,Admin,35,True,Growth,synthetic,planning-v2-seed-20260920
ACT-0098-5,SIM-0098,S028,2026-03-19,Discovery,45,True,Growth,synthetic,planning-v2-seed-20260920
ACT-0099-0,SIM-0099,S029,2026-04-07,Admin,35,False,Enterprise,synthetic,planning-v2-seed-20260920
ACT-0099-1,SIM-0099,S029,2026-04-25,Discovery,45,True,Enterprise,synthetic,planning-v2-seed-20260920
ACT-0099-2,SIM-0099,S029,2026-05-13,Admin,35,True,Enterprise,synthetic,planning-v2-seed-20260920
ACT-0099-3,SIM-0099,S029,2026-05-31,Discovery,45,False,Enterprise,synthetic,planning-v2-seed-20260920
ACT-0099-4,SIM-0099,S029,2026-06-18,Admin,35,True,Enterprise,synthetic,planning-v2-seed-20260920
ACT-0099-5,SIM-0099,S029,2026-07-07,Discovery,45,True,Enterprise,synthetic,planning-v2-seed-20260920
ACT-0100-0,SIM-0100,S030,2026-06-21,Admin,35,False,Scale,synthetic,planning-v2-seed-20260920
ACT-0100-1,SIM-0100,S030,2026-07-04,Discovery,45,True,Scale,synthetic,planning-v2-seed-20260920
ACT-0100-2,SIM-0100,S030,2026-07-17,Admin,35,True,Scale,synthetic,planning-v2-seed-20260920
ACT-0100-3,SIM-0100,S030,2026-07-30,Discovery,45,False,Scale,synthetic,planning-v2-seed-20260920
ACT-0100-4,SIM-0100,S030,2026-08-12,Admin,35,True,Scale,synthetic,planning-v2-seed-20260920
ACT-0100-5,SIM-0100,S030,2026-09-06,Discovery,45,True,Scale,synthetic,planning-v2-seed-20260920
ACT-0101-0,SIM-0101,S031,2026-07-27,Admin,35,False,Growth,synthetic,planning-v2-seed-20260920
ACT-0101-1,SIM-0101,S031,2026-08-08,Discovery,45,True,Growth,synthetic,planning-v2-seed-20260920
ACT-0101-2,SIM-0101,S031,2026-08-21,Admin,35,True,Growth,synthetic,planning-v2-seed-20260920
ACT-0101-3,SIM-0101,S031,2026-09-03,Discovery,45,False,Growth,synthetic,planning-v2-seed-20260920
ACT-0101-4,SIM-0101,S031,2026-09-16,Admin,35,True,Growth,synthetic,planning-v2-seed-20260920
ACT-0102-0,SIM-0102,S032,2026-07-27,Admin,35,False,Enterprise,synthetic,planning-v2-seed-20260920
ACT-0102-1,SIM-0102,S032,2026-08-18,Discovery,45,True,Enterprise,synthetic,planning-v2-seed-20260920
ACT-0102-2,SIM-0102,S032,2026-09-10,Admin,35,True,Enterprise,synthetic,planning-v2-seed-20260920
ACT-0103-0,SIM-0103,S033,2026-07-17,Admin,35,False,Scale,synthetic,planning-v2-seed-20260920
ACT-0103-1,SIM-0103,S033,2026-07-31,Discovery,45,True,Scale,synthetic,planning-v2-seed-20260920
ACT-0103-2,SIM-0103,S033,2026-08-14,Admin,35,True,Scale,synthetic,planning-v2-seed-20260920
ACT-0103-3,SIM-0103,S033,2026-08-28,Discovery,45,False,Scale,synthetic,planning-v2-seed-20260920
ACT-0103-4,SIM-0103,S033,2026-09-11,Admin,35,True,Scale,synthetic,planning-v2-seed-20260920
ACT-0104-0,SIM-0104,S034,2026-08-15,Admin,35,False,Growth,synthetic,planning-v2-seed-20260920
ACT-0104-1,SIM-0104,S034,2026-08-24,Discovery,45,True,Growth,synthetic,planning-v2-seed-20260920
ACT-0104-2,SIM-0104,S034,2026-09-02,Admin,35,True,Growth,synthetic,planning-v2-seed-20260920
ACT-0104-3,SIM-0104,S034,2026-09-11,Discovery,45,False,Growth,synthetic,planning-v2-seed-20260920
ACT-0105-0,SIM-0105,S035,2026-08-17,Admin,35,False,Enterprise,synthetic,planning-v2-seed-20260920
ACT-0105-1,SIM-0105,S035,2026-09-07,Discovery,45,True,Enterprise,synthetic,planning-v2-seed-20260920
ACT-0106-0,SIM-0106,S001,2026-09-08,Admin,35,False,Scale,synthetic,planning-v2-seed-20260920
ACT-0107-0,SIM-0107,S002,2026-01-27,Admin,35,False,Growth,synthetic,planning-v2-seed-20260920
ACT-0107-1,SIM-0107,S002,2026-02-10,Discovery,45,True,Growth,synthetic,planning-v2-seed-20260920
ACT-0107-2,SIM-0107,S002,2026-02-24,Admin,35,True,Growth,synthetic,planning-v2-seed-20260920
ACT-0107-3,SIM-0107,S002,2026-03-10,Discovery,45,False,Growth,synthetic,planning-v2-seed-20260920
ACT-0107-4,SIM-0107,S002,2026-03-24,Admin,35,True,Growth,synthetic,planning-v2-seed-20260920
ACT-0107-5,SIM-0107,S002,2026-04-21,Discovery,45,True,Growth,synthetic,planning-v2-seed-20260920
ACT-0108-0,SIM-0108,S003,2026-06-18,Admin,35,False,Enterprise,synthetic,planning-v2-seed-20260920
ACT-0108-1,SIM-0108,S003,2026-07-04,Discovery,45,True,Enterprise,synthetic,planning-v2-seed-20260920
ACT-0108-2,SIM-0108,S003,2026-07-20,Admin,35,True,Enterprise,synthetic,planning-v2-seed-20260920
ACT-0108-3,SIM-0108,S003,2026-08-06,Discovery,45,False,Enterprise,synthetic,planning-v2-seed-20260920
ACT-0108-4,SIM-0108,S003,2026-08-22,Admin,35,True,Enterprise,synthetic,planning-v2-seed-20260920
ACT-0109-0,SIM-0109,S004,2026-01-27,Admin,35,False,Scale,synthetic,planning-v2-seed-20260920
ACT-0109-1,SIM-0109,S004,2026-02-05,Discovery,45,True,Scale,synthetic,planning-v2-seed-20260920
ACT-0109-2,SIM-0109,S004,2026-02-14,Admin,35,True,Scale,synthetic,planning-v2-seed-20260920
ACT-0109-3,SIM-0109,S004,2026-02-24,Discovery,45,False,Scale,synthetic,planning-v2-seed-20260920
ACT-0109-4,SIM-0109,S004,2026-03-05,Admin,35,True,Scale,synthetic,planning-v2-seed-20260920
ACT-0109-5,SIM-0109,S004,2026-03-26,Discovery,45,True,Scale,synthetic,planning-v2-seed-20260920
ACT-0110-0,SIM-0110,S005,2026-01-12,Admin,35,False,Growth,synthetic,planning-v2-seed-20260920
ACT-0110-1,SIM-0110,S005,2026-01-23,Discovery,45,True,Growth,synthetic,planning-v2-seed-20260920
ACT-0110-2,SIM-0110,S005,2026-02-04,Admin,35,True,Growth,synthetic,planning-v2-seed-20260920
ACT-0110-3,SIM-0110,S005,2026-02-16,Discovery,45,False,Growth,synthetic,planning-v2-seed-20260920
ACT-0110-4,SIM-0110,S005,2026-02-28,Admin,35,True,Growth,synthetic,planning-v2-seed-20260920
ACT-0110-5,SIM-0110,S005,2026-03-29,Discovery,45,True,Growth,synthetic,planning-v2-seed-20260920
ACT-0111-0,SIM-0111,S006,2026-06-27,Admin,35,False,Enterprise,synthetic,planning-v2-seed-20260920
ACT-0111-1,SIM-0111,S006,2026-07-14,Discovery,45,True,Enterprise,synthetic,planning-v2-seed-20260920
ACT-0111-2,SIM-0111,S006,2026-08-01,Admin,35,True,Enterprise,synthetic,planning-v2-seed-20260920
ACT-0111-3,SIM-0111,S006,2026-08-19,Discovery,45,False,Enterprise,synthetic,planning-v2-seed-20260920
ACT-0111-4,SIM-0111,S006,2026-09-06,Admin,35,True,Enterprise,synthetic,planning-v2-seed-20260920
ACT-0112-0,SIM-0112,S007,2026-07-31,Admin,35,False,Scale,synthetic,planning-v2-seed-20260920
ACT-0112-1,SIM-0112,S007,2026-08-19,Discovery,45,True,Scale,synthetic,planning-v2-seed-20260920
ACT-0112-2,SIM-0112,S007,2026-09-08,Admin,35,True,Scale,synthetic,planning-v2-seed-20260920
ACT-0113-0,SIM-0113,S008,2026-04-12,Admin,35,False,Growth,synthetic,planning-v2-seed-20260920
ACT-0113-1,SIM-0113,S008,2026-05-04,Discovery,45,True,Growth,synthetic,planning-v2-seed-20260920
ACT-0113-2,SIM-0113,S008,2026-05-27,Admin,35,True,Growth,synthetic,planning-v2-seed-20260920
ACT-0113-3,SIM-0113,S008,2026-06-18,Discovery,45,False,Growth,synthetic,planning-v2-seed-20260920
ACT-0113-4,SIM-0113,S008,2026-07-11,Admin,35,True,Growth,synthetic,planning-v2-seed-20260920
ACT-0114-0,SIM-0114,S009,2026-07-04,Admin,35,False,Enterprise,synthetic,planning-v2-seed-20260920
ACT-0114-1,SIM-0114,S009,2026-07-13,Discovery,45,True,Enterprise,synthetic,planning-v2-seed-20260920
ACT-0114-2,SIM-0114,S009,2026-07-22,Admin,35,True,Enterprise,synthetic,planning-v2-seed-20260920
ACT-0114-3,SIM-0114,S009,2026-08-01,Discovery,45,False,Enterprise,synthetic,planning-v2-seed-20260920
ACT-0114-4,SIM-0114,S009,2026-08-10,Admin,35,True,Enterprise,synthetic,planning-v2-seed-20260920
ACT-0114-5,SIM-0114,S009,2026-08-30,Discovery,45,True,Enterprise,synthetic,planning-v2-seed-20260920
ACT-0115-0,SIM-0115,S010,2026-01-25,Admin,35,False,Scale,synthetic,planning-v2-seed-20260920
ACT-0115-1,SIM-0115,S010,2026-02-02,Discovery,45,True,Scale,synthetic,planning-v2-seed-20260920
ACT-0115-2,SIM-0115,S010,2026-02-11,Admin,35,True,Scale,synthetic,planning-v2-seed-20260920
ACT-0115-3,SIM-0115,S010,2026-02-20,Discovery,45,False,Scale,synthetic,planning-v2-seed-20260920
ACT-0115-4,SIM-0115,S010,2026-03-01,Admin,35,True,Scale,synthetic,planning-v2-seed-20260920
ACT-0115-5,SIM-0115,S010,2026-03-06,Discovery,45,True,Scale,synthetic,planning-v2-seed-20260920
ACT-0116-0,SIM-0116,S011,2025-12-23,Admin,35,False,Growth,synthetic,planning-v2-seed-20260920
ACT-0116-1,SIM-0116,S011,2026-01-03,Discovery,45,True,Growth,synthetic,planning-v2-seed-20260920
ACT-0116-2,SIM-0116,S011,2026-01-14,Admin,35,True,Growth,synthetic,planning-v2-seed-20260920
ACT-0116-3,SIM-0116,S011,2026-01-25,Discovery,45,False,Growth,synthetic,planning-v2-seed-20260920
ACT-0116-4,SIM-0116,S011,2026-02-05,Admin,35,True,Growth,synthetic,planning-v2-seed-20260920
ACT-0116-5,SIM-0116,S011,2026-02-23,Discovery,45,True,Growth,synthetic,planning-v2-seed-20260920
ACT-0117-0,SIM-0117,S012,2026-03-21,Admin,35,False,Enterprise,synthetic,planning-v2-seed-20260920
ACT-0117-1,SIM-0117,S012,2026-03-31,Discovery,45,True,Enterprise,synthetic,planning-v2-seed-20260920
ACT-0117-2,SIM-0117,S012,2026-04-10,Admin,35,True,Enterprise,synthetic,planning-v2-seed-20260920
ACT-0117-3,SIM-0117,S012,2026-04-21,Discovery,45,False,Enterprise,synthetic,planning-v2-seed-20260920
ACT-0117-4,SIM-0117,S012,2026-05-01,Admin,35,True,Enterprise,synthetic,planning-v2-seed-20260920
ACT-0117-5,SIM-0117,S012,2026-05-31,Discovery,45,True,Enterprise,synthetic,planning-v2-seed-20260920
ACT-0118-0,SIM-0118,S013,2026-02-13,Admin,35,False,Scale,synthetic,planning-v2-seed-20260920
ACT-0118-1,SIM-0118,S013,2026-02-21,Discovery,45,True,Scale,synthetic,planning-v2-seed-20260920
ACT-0118-2,SIM-0118,S013,2026-03-01,Admin,35,True,Scale,synthetic,planning-v2-seed-20260920
ACT-0118-3,SIM-0118,S013,2026-03-09,Discovery,45,False,Scale,synthetic,planning-v2-seed-20260920
ACT-0118-4,SIM-0118,S013,2026-03-17,Admin,35,True,Scale,synthetic,planning-v2-seed-20260920
ACT-0118-5,SIM-0118,S013,2026-04-11,Discovery,45,True,Scale,synthetic,planning-v2-seed-20260920
ACT-0119-0,SIM-0119,S014,2026-06-07,Admin,35,False,Growth,synthetic,planning-v2-seed-20260920
ACT-0119-1,SIM-0119,S014,2026-06-18,Discovery,45,True,Growth,synthetic,planning-v2-seed-20260920
ACT-0119-2,SIM-0119,S014,2026-06-30,Admin,35,True,Growth,synthetic,planning-v2-seed-20260920
ACT-0119-3,SIM-0119,S014,2026-07-11,Discovery,45,False,Growth,synthetic,planning-v2-seed-20260920
ACT-0119-4,SIM-0119,S014,2026-07-23,Admin,35,True,Growth,synthetic,planning-v2-seed-20260920
ACT-0119-5,SIM-0119,S014,2026-08-18,Discovery,45,True,Growth,synthetic,planning-v2-seed-20260920
ACT-0120-0,SIM-0120,S015,2026-08-20,Admin,35,False,Enterprise,synthetic,planning-v2-seed-20260920
ACT-0120-1,SIM-0120,S015,2026-08-28,Discovery,45,True,Enterprise,synthetic,planning-v2-seed-20260920
ACT-0120-2,SIM-0120,S015,2026-09-05,Admin,35,True,Enterprise,synthetic,planning-v2-seed-20260920
ACT-0120-3,SIM-0120,S015,2026-09-13,Discovery,45,False,Enterprise,synthetic,planning-v2-seed-20260920
ACT-0121-0,SIM-0121,S016,2026-05-22,Admin,35,False,Scale,synthetic,planning-v2-seed-20260920
ACT-0121-1,SIM-0121,S016,2026-06-03,Discovery,45,True,Scale,synthetic,planning-v2-seed-20260920
ACT-0121-2,SIM-0121,S016,2026-06-15,Admin,35,True,Scale,synthetic,planning-v2-seed-20260920
ACT-0121-3,SIM-0121,S016,2026-06-27,Discovery,45,False,Scale,synthetic,planning-v2-seed-20260920
ACT-0121-4,SIM-0121,S016,2026-07-09,Admin,35,True,Scale,synthetic,planning-v2-seed-20260920
ACT-0121-5,SIM-0121,S016,2026-08-03,Discovery,45,True,Scale,synthetic,planning-v2-seed-20260920
ACT-0122-0,SIM-0122,S017,2026-03-26,Admin,35,False,Growth,synthetic,planning-v2-seed-20260920
ACT-0122-1,SIM-0122,S017,2026-04-17,Discovery,45,True,Growth,synthetic,planning-v2-seed-20260920
ACT-0122-2,SIM-0122,S017,2026-05-10,Admin,35,True,Growth,synthetic,planning-v2-seed-20260920
ACT-0122-3,SIM-0122,S017,2026-06-02,Discovery,45,False,Growth,synthetic,planning-v2-seed-20260920
ACT-0122-4,SIM-0122,S017,2026-06-25,Admin,35,True,Growth,synthetic,planning-v2-seed-20260920
ACT-0122-5,SIM-0122,S017,2026-07-22,Discovery,45,True,Growth,synthetic,planning-v2-seed-20260920
ACT-0123-0,SIM-0123,S018,2026-03-25,Admin,35,False,Enterprise,synthetic,planning-v2-seed-20260920
ACT-0123-1,SIM-0123,S018,2026-04-05,Discovery,45,True,Enterprise,synthetic,planning-v2-seed-20260920
ACT-0123-2,SIM-0123,S018,2026-04-17,Admin,35,True,Enterprise,synthetic,planning-v2-seed-20260920
ACT-0123-3,SIM-0123,S018,2026-04-28,Discovery,45,False,Enterprise,synthetic,planning-v2-seed-20260920
ACT-0123-4,SIM-0123,S018,2026-05-10,Admin,35,True,Enterprise,synthetic,planning-v2-seed-20260920
ACT-0123-5,SIM-0123,S018,2026-06-06,Discovery,45,True,Enterprise,synthetic,planning-v2-seed-20260920
ACT-0124-0,SIM-0124,S019,2026-06-25,Admin,35,False,Scale,synthetic,planning-v2-seed-20260920
ACT-0124-1,SIM-0124,S019,2026-07-11,Discovery,45,True,Scale,synthetic,planning-v2-seed-20260920
ACT-0124-2,SIM-0124,S019,2026-07-27,Admin,35,True,Scale,synthetic,planning-v2-seed-20260920
ACT-0124-3,SIM-0124,S019,2026-08-12,Discovery,45,False,Scale,synthetic,planning-v2-seed-20260920
ACT-0124-4,SIM-0124,S019,2026-08-28,Admin,35,True,Scale,synthetic,planning-v2-seed-20260920
ACT-0125-0,SIM-0125,S020,2026-06-29,Admin,35,False,Growth,synthetic,planning-v2-seed-20260920
ACT-0125-1,SIM-0125,S020,2026-07-18,Discovery,45,True,Growth,synthetic,planning-v2-seed-20260920
ACT-0125-2,SIM-0125,S020,2026-08-06,Admin,35,True,Growth,synthetic,planning-v2-seed-20260920
ACT-0125-3,SIM-0125,S020,2026-08-25,Discovery,45,False,Growth,synthetic,planning-v2-seed-20260920
ACT-0125-4,SIM-0125,S020,2026-09-13,Admin,35,True,Growth,synthetic,planning-v2-seed-20260920
ACT-0126-0,SIM-0126,S021,2026-07-12,Admin,35,False,Enterprise,synthetic,planning-v2-seed-20260920
ACT-0126-1,SIM-0126,S021,2026-07-28,Discovery,45,True,Enterprise,synthetic,planning-v2-seed-20260920
ACT-0126-2,SIM-0126,S021,2026-08-14,Admin,35,True,Enterprise,synthetic,planning-v2-seed-20260920
ACT-0126-3,SIM-0126,S021,2026-08-31,Discovery,45,False,Enterprise,synthetic,planning-v2-seed-20260920
ACT-0126-4,SIM-0126,S021,2026-09-17,Admin,35,True,Enterprise,synthetic,planning-v2-seed-20260920
ACT-0127-0,SIM-0127,S022,2025-12-05,Admin,35,False,Scale,synthetic,planning-v2-seed-20260920
ACT-0127-1,SIM-0127,S022,2025-12-17,Discovery,45,True,Scale,synthetic,planning-v2-seed-20260920
ACT-0127-2,SIM-0127,S022,2025-12-29,Admin,35,True,Scale,synthetic,planning-v2-seed-20260920
ACT-0127-3,SIM-0127,S022,2026-01-10,Discovery,45,False,Scale,synthetic,planning-v2-seed-20260920
ACT-0127-4,SIM-0127,S022,2026-01-22,Admin,35,True,Scale,synthetic,planning-v2-seed-20260920
ACT-0127-5,SIM-0127,S022,2026-02-01,Discovery,45,True,Scale,synthetic,planning-v2-seed-20260920
ACT-0128-0,SIM-0128,S023,2026-08-07,Admin,35,False,Growth,synthetic,planning-v2-seed-20260920
ACT-0128-1,SIM-0128,S023,2026-08-26,Discovery,45,True,Growth,synthetic,planning-v2-seed-20260920
ACT-0128-2,SIM-0128,S023,2026-09-15,Admin,35,True,Growth,synthetic,planning-v2-seed-20260920
ACT-0129-0,SIM-0129,S024,2026-05-09,Admin,35,False,Enterprise,synthetic,planning-v2-seed-20260920
ACT-0129-1,SIM-0129,S024,2026-05-21,Discovery,45,True,Enterprise,synthetic,planning-v2-seed-20260920
ACT-0129-2,SIM-0129,S024,2026-06-03,Admin,35,True,Enterprise,synthetic,planning-v2-seed-20260920
ACT-0129-3,SIM-0129,S024,2026-06-16,Discovery,45,False,Enterprise,synthetic,planning-v2-seed-20260920
ACT-0129-4,SIM-0129,S024,2026-06-29,Admin,35,True,Enterprise,synthetic,planning-v2-seed-20260920
ACT-0129-5,SIM-0129,S024,2026-07-24,Discovery,45,True,Enterprise,synthetic,planning-v2-seed-20260920
ACT-0130-0,SIM-0130,S025,2026-01-07,Admin,35,False,Scale,synthetic,planning-v2-seed-20260920
ACT-0130-1,SIM-0130,S025,2026-01-14,Discovery,45,True,Scale,synthetic,planning-v2-seed-20260920
ACT-0130-2,SIM-0130,S025,2026-01-22,Admin,35,True,Scale,synthetic,planning-v2-seed-20260920
ACT-0130-3,SIM-0130,S025,2026-01-30,Discovery,45,False,Scale,synthetic,planning-v2-seed-20260920
ACT-0130-4,SIM-0130,S025,2026-02-07,Admin,35,True,Scale,synthetic,planning-v2-seed-20260920
ACT-0130-5,SIM-0130,S025,2026-02-17,Discovery,45,True,Scale,synthetic,planning-v2-seed-20260920
ACT-0131-0,SIM-0131,S026,2026-07-30,Admin,35,False,Growth,synthetic,planning-v2-seed-20260920
ACT-0131-1,SIM-0131,S026,2026-08-16,Discovery,45,True,Growth,synthetic,planning-v2-seed-20260920
ACT-0131-2,SIM-0131,S026,2026-09-03,Admin,35,True,Growth,synthetic,planning-v2-seed-20260920
ACT-0132-0,SIM-0132,S027,2026-08-14,Admin,35,False,Enterprise,synthetic,planning-v2-seed-20260920
ACT-0132-1,SIM-0132,S027,2026-09-02,Discovery,45,True,Enterprise,synthetic,planning-v2-seed-20260920
ACT-0133-0,SIM-0133,S028,2025-12-23,Admin,35,False,Scale,synthetic,planning-v2-seed-20260920
ACT-0133-1,SIM-0133,S028,2026-01-03,Discovery,45,True,Scale,synthetic,planning-v2-seed-20260920
ACT-0133-2,SIM-0133,S028,2026-01-15,Admin,35,True,Scale,synthetic,planning-v2-seed-20260920
ACT-0133-3,SIM-0133,S028,2026-01-26,Discovery,45,False,Scale,synthetic,planning-v2-seed-20260920
ACT-0133-4,SIM-0133,S028,2026-02-07,Admin,35,True,Scale,synthetic,planning-v2-seed-20260920
ACT-0133-5,SIM-0133,S028,2026-03-05,Discovery,45,True,Scale,synthetic,planning-v2-seed-20260920
ACT-0134-0,SIM-0134,S029,2026-07-13,Admin,35,False,Growth,synthetic,planning-v2-seed-20260920
ACT-0134-1,SIM-0134,S029,2026-07-31,Discovery,45,True,Growth,synthetic,planning-v2-seed-20260920
ACT-0134-2,SIM-0134,S029,2026-08-18,Admin,35,True,Growth,synthetic,planning-v2-seed-20260920
ACT-0134-3,SIM-0134,S029,2026-09-05,Discovery,45,False,Growth,synthetic,planning-v2-seed-20260920
ACT-0135-0,SIM-0135,S030,2026-06-21,Admin,35,False,Enterprise,synthetic,planning-v2-seed-20260920
ACT-0135-1,SIM-0135,S030,2026-06-29,Discovery,45,True,Enterprise,synthetic,planning-v2-seed-20260920
ACT-0135-2,SIM-0135,S030,2026-07-08,Admin,35,True,Enterprise,synthetic,planning-v2-seed-20260920
ACT-0135-3,SIM-0135,S030,2026-07-17,Discovery,45,False,Enterprise,synthetic,planning-v2-seed-20260920
ACT-0135-4,SIM-0135,S030,2026-07-26,Admin,35,True,Enterprise,synthetic,planning-v2-seed-20260920
ACT-0135-5,SIM-0135,S030,2026-08-05,Discovery,45,True,Enterprise,synthetic,planning-v2-seed-20260920
ACT-0136-0,SIM-0136,S031,2026-07-18,Admin,35,False,Scale,synthetic,planning-v2-seed-20260920
ACT-0136-1,SIM-0136,S031,2026-07-28,Discovery,45,True,Scale,synthetic,planning-v2-seed-20260920
ACT-0136-2,SIM-0136,S031,2026-08-07,Admin,35,True,Scale,synthetic,planning-v2-seed-20260920
ACT-0136-3,SIM-0136,S031,2026-08-17,Discovery,45,False,Scale,synthetic,planning-v2-seed-20260920
ACT-0136-4,SIM-0136,S031,2026-08-27,Admin,35,True,Scale,synthetic,planning-v2-seed-20260920
ACT-0137-0,SIM-0137,S032,2026-08-15,Admin,35,False,Growth,synthetic,planning-v2-seed-20260920
ACT-0137-1,SIM-0137,S032,2026-09-06,Discovery,45,True,Growth,synthetic,planning-v2-seed-20260920
ACT-0138-0,SIM-0138,S033,2026-09-13,Admin,35,False,Enterprise,synthetic,planning-v2-seed-20260920
ACT-0138-1,SIM-0138,S033,2026-09-18,Discovery,45,True,Enterprise,synthetic,planning-v2-seed-20260920
ACT-0139-0,SIM-0139,S034,2026-08-10,Admin,35,False,Scale,synthetic,planning-v2-seed-20260920
ACT-0139-1,SIM-0139,S034,2026-08-31,Discovery,45,True,Scale,synthetic,planning-v2-seed-20260920
ACT-0140-0,SIM-0140,S035,2026-08-29,Admin,35,False,Growth,synthetic,planning-v2-seed-20260920
ACT-0141-0,SIM-0141,S001,2026-03-15,Admin,35,False,Enterprise,synthetic,planning-v2-seed-20260920
ACT-0141-1,SIM-0141,S001,2026-03-27,Discovery,45,True,Enterprise,synthetic,planning-v2-seed-20260920
ACT-0141-2,SIM-0141,S001,2026-04-09,Admin,35,True,Enterprise,synthetic,planning-v2-seed-20260920
ACT-0141-3,SIM-0141,S001,2026-04-22,Discovery,45,False,Enterprise,synthetic,planning-v2-seed-20260920
ACT-0141-4,SIM-0141,S001,2026-05-05,Admin,35,True,Enterprise,synthetic,planning-v2-seed-20260920
ACT-0141-5,SIM-0141,S001,2026-05-29,Discovery,45,True,Enterprise,synthetic,planning-v2-seed-20260920
ACT-0142-0,SIM-0142,S002,2026-02-18,Admin,35,False,Scale,synthetic,planning-v2-seed-20260920
ACT-0142-1,SIM-0142,S002,2026-02-27,Discovery,45,True,Scale,synthetic,planning-v2-seed-20260920
ACT-0142-2,SIM-0142,S002,2026-03-09,Admin,35,True,Scale,synthetic,planning-v2-seed-20260920
ACT-0142-3,SIM-0142,S002,2026-03-18,Discovery,45,False,Scale,synthetic,planning-v2-seed-20260920
ACT-0142-4,SIM-0142,S002,2026-03-28,Admin,35,True,Scale,synthetic,planning-v2-seed-20260920
ACT-0142-5,SIM-0142,S002,2026-04-10,Discovery,45,True,Scale,synthetic,planning-v2-seed-20260920
ACT-0143-0,SIM-0143,S003,2026-04-19,Admin,35,False,Growth,synthetic,planning-v2-seed-20260920
ACT-0143-1,SIM-0143,S003,2026-05-05,Discovery,45,True,Growth,synthetic,planning-v2-seed-20260920
ACT-0143-2,SIM-0143,S003,2026-05-22,Admin,35,True,Growth,synthetic,planning-v2-seed-20260920
ACT-0143-3,SIM-0143,S003,2026-06-08,Discovery,45,False,Growth,synthetic,planning-v2-seed-20260920
ACT-0143-4,SIM-0143,S003,2026-06-25,Admin,35,True,Growth,synthetic,planning-v2-seed-20260920
ACT-0143-5,SIM-0143,S003,2026-07-20,Discovery,45,True,Growth,synthetic,planning-v2-seed-20260920
ACT-0144-0,SIM-0144,S004,2026-08-10,Admin,35,False,Enterprise,synthetic,planning-v2-seed-20260920
ACT-0144-1,SIM-0144,S004,2026-08-17,Discovery,45,True,Enterprise,synthetic,planning-v2-seed-20260920
ACT-0144-2,SIM-0144,S004,2026-08-25,Admin,35,True,Enterprise,synthetic,planning-v2-seed-20260920
ACT-0144-3,SIM-0144,S004,2026-09-01,Discovery,45,False,Enterprise,synthetic,planning-v2-seed-20260920
ACT-0144-4,SIM-0144,S004,2026-09-09,Admin,35,True,Enterprise,synthetic,planning-v2-seed-20260920
ACT-0145-0,SIM-0145,S005,2026-05-13,Admin,35,False,Scale,synthetic,planning-v2-seed-20260920
ACT-0145-1,SIM-0145,S005,2026-06-04,Discovery,45,True,Scale,synthetic,planning-v2-seed-20260920
ACT-0145-2,SIM-0145,S005,2026-06-26,Admin,35,True,Scale,synthetic,planning-v2-seed-20260920
ACT-0145-3,SIM-0145,S005,2026-07-18,Discovery,45,False,Scale,synthetic,planning-v2-seed-20260920
ACT-0145-4,SIM-0145,S005,2026-08-09,Admin,35,True,Scale,synthetic,planning-v2-seed-20260920
ACT-0145-5,SIM-0145,S005,2026-08-28,Discovery,45,True,Scale,synthetic,planning-v2-seed-20260920
ACT-0146-0,SIM-0146,S006,2026-04-03,Admin,35,False,Growth,synthetic,planning-v2-seed-20260920
ACT-0146-1,SIM-0146,S006,2026-04-21,Discovery,45,True,Growth,synthetic,planning-v2-seed-20260920
ACT-0146-2,SIM-0146,S006,2026-05-10,Admin,35,True,Growth,synthetic,planning-v2-seed-20260920
ACT-0146-3,SIM-0146,S006,2026-05-29,Discovery,45,False,Growth,synthetic,planning-v2-seed-20260920
ACT-0146-4,SIM-0146,S006,2026-06-17,Admin,35,True,Growth,synthetic,planning-v2-seed-20260920
ACT-0146-5,SIM-0146,S006,2026-07-12,Discovery,45,True,Growth,synthetic,planning-v2-seed-20260920
ACT-0147-0,SIM-0147,S007,2026-07-28,Admin,35,False,Enterprise,synthetic,planning-v2-seed-20260920
ACT-0147-1,SIM-0147,S007,2026-08-18,Discovery,45,True,Enterprise,synthetic,planning-v2-seed-20260920
ACT-0147-2,SIM-0147,S007,2026-09-08,Admin,35,True,Enterprise,synthetic,planning-v2-seed-20260920
ACT-0148-0,SIM-0148,S008,2026-05-08,Admin,35,False,Scale,synthetic,planning-v2-seed-20260920
ACT-0148-1,SIM-0148,S008,2026-05-17,Discovery,45,True,Scale,synthetic,planning-v2-seed-20260920
ACT-0148-2,SIM-0148,S008,2026-05-27,Admin,35,True,Scale,synthetic,planning-v2-seed-20260920
ACT-0148-3,SIM-0148,S008,2026-06-05,Discovery,45,False,Scale,synthetic,planning-v2-seed-20260920
ACT-0148-4,SIM-0148,S008,2026-06-15,Admin,35,True,Scale,synthetic,planning-v2-seed-20260920
ACT-0148-5,SIM-0148,S008,2026-06-22,Discovery,45,True,Scale,synthetic,planning-v2-seed-20260920
ACT-0149-0,SIM-0149,S009,2026-08-06,Admin,35,False,Growth,synthetic,planning-v2-seed-20260920
ACT-0149-1,SIM-0149,S009,2026-08-22,Discovery,45,True,Growth,synthetic,planning-v2-seed-20260920
ACT-0149-2,SIM-0149,S009,2026-09-07,Admin,35,True,Growth,synthetic,planning-v2-seed-20260920
ACT-0150-0,SIM-0150,S010,2026-02-27,Admin,35,False,Enterprise,synthetic,planning-v2-seed-20260920
ACT-0150-1,SIM-0150,S010,2026-03-16,Discovery,45,True,Enterprise,synthetic,planning-v2-seed-20260920
ACT-0150-2,SIM-0150,S010,2026-04-02,Admin,35,True,Enterprise,synthetic,planning-v2-seed-20260920
ACT-0150-3,SIM-0150,S010,2026-04-19,Discovery,45,False,Enterprise,synthetic,planning-v2-seed-20260920
ACT-0150-4,SIM-0150,S010,2026-05-06,Admin,35,True,Enterprise,synthetic,planning-v2-seed-20260920
ACT-0150-5,SIM-0150,S010,2026-06-07,Discovery,45,True,Enterprise,synthetic,planning-v2-seed-20260920
ACT-0151-0,SIM-0151,S011,2026-05-12,Admin,35,False,Scale,synthetic,planning-v2-seed-20260920
ACT-0151-1,SIM-0151,S011,2026-05-27,Discovery,45,True,Scale,synthetic,planning-v2-seed-20260920
ACT-0151-2,SIM-0151,S011,2026-06-12,Admin,35,True,Scale,synthetic,planning-v2-seed-20260920
ACT-0151-3,SIM-0151,S011,2026-06-28,Discovery,45,False,Scale,synthetic,planning-v2-seed-20260920
ACT-0151-4,SIM-0151,S011,2026-07-14,Admin,35,True,Scale,synthetic,planning-v2-seed-20260920
ACT-0151-5,SIM-0151,S011,2026-08-06,Discovery,45,True,Scale,synthetic,planning-v2-seed-20260920
ACT-0152-0,SIM-0152,S012,2026-02-11,Admin,35,False,Growth,synthetic,planning-v2-seed-20260920
ACT-0152-1,SIM-0152,S012,2026-02-28,Discovery,45,True,Growth,synthetic,planning-v2-seed-20260920
ACT-0152-2,SIM-0152,S012,2026-03-18,Admin,35,True,Growth,synthetic,planning-v2-seed-20260920
ACT-0152-3,SIM-0152,S012,2026-04-05,Discovery,45,False,Growth,synthetic,planning-v2-seed-20260920
ACT-0152-4,SIM-0152,S012,2026-04-23,Admin,35,True,Growth,synthetic,planning-v2-seed-20260920
ACT-0152-5,SIM-0152,S012,2026-05-19,Discovery,45,True,Growth,synthetic,planning-v2-seed-20260920
ACT-0153-0,SIM-0153,S013,2026-03-05,Admin,35,False,Enterprise,synthetic,planning-v2-seed-20260920
ACT-0153-1,SIM-0153,S013,2026-03-29,Discovery,45,True,Enterprise,synthetic,planning-v2-seed-20260920
ACT-0153-2,SIM-0153,S013,2026-04-22,Admin,35,True,Enterprise,synthetic,planning-v2-seed-20260920
ACT-0153-3,SIM-0153,S013,2026-05-16,Discovery,45,False,Enterprise,synthetic,planning-v2-seed-20260920
ACT-0153-4,SIM-0153,S013,2026-06-09,Admin,35,True,Enterprise,synthetic,planning-v2-seed-20260920
ACT-0153-5,SIM-0153,S013,2026-07-18,Discovery,45,True,Enterprise,synthetic,planning-v2-seed-20260920
ACT-0154-0,SIM-0154,S014,2026-08-02,Admin,35,False,Scale,synthetic,planning-v2-seed-20260920
ACT-0154-1,SIM-0154,S014,2026-08-18,Discovery,45,True,Scale,synthetic,planning-v2-seed-20260920
ACT-0154-2,SIM-0154,S014,2026-09-03,Admin,35,True,Scale,synthetic,planning-v2-seed-20260920
ACT-0155-0,SIM-0155,S015,2025-12-28,Admin,35,False,Growth,synthetic,planning-v2-seed-20260920
ACT-0155-1,SIM-0155,S015,2026-01-13,Discovery,45,True,Growth,synthetic,planning-v2-seed-20260920
ACT-0155-2,SIM-0155,S015,2026-01-29,Admin,35,True,Growth,synthetic,planning-v2-seed-20260920
ACT-0155-3,SIM-0155,S015,2026-02-14,Discovery,45,False,Growth,synthetic,planning-v2-seed-20260920
ACT-0155-4,SIM-0155,S015,2026-03-02,Admin,35,True,Growth,synthetic,planning-v2-seed-20260920
ACT-0155-5,SIM-0155,S015,2026-03-21,Discovery,45,True,Growth,synthetic,planning-v2-seed-20260920
ACT-0156-0,SIM-0156,S016,2026-07-06,Admin,35,False,Enterprise,synthetic,planning-v2-seed-20260920
ACT-0156-1,SIM-0156,S016,2026-07-28,Discovery,45,True,Enterprise,synthetic,planning-v2-seed-20260920
ACT-0156-2,SIM-0156,S016,2026-08-20,Admin,35,True,Enterprise,synthetic,planning-v2-seed-20260920
ACT-0156-3,SIM-0156,S016,2026-09-12,Discovery,45,False,Enterprise,synthetic,planning-v2-seed-20260920
ACT-0157-0,SIM-0157,S017,2025-12-04,Admin,35,False,Scale,synthetic,planning-v2-seed-20260920
ACT-0157-1,SIM-0157,S017,2025-12-22,Discovery,45,True,Scale,synthetic,planning-v2-seed-20260920
ACT-0157-2,SIM-0157,S017,2026-01-09,Admin,35,True,Scale,synthetic,planning-v2-seed-20260920
ACT-0157-3,SIM-0157,S017,2026-01-27,Discovery,45,False,Scale,synthetic,planning-v2-seed-20260920
ACT-0157-4,SIM-0157,S017,2026-02-14,Admin,35,True,Scale,synthetic,planning-v2-seed-20260920
ACT-0157-5,SIM-0157,S017,2026-03-26,Discovery,45,True,Scale,synthetic,planning-v2-seed-20260920
ACT-0158-0,SIM-0158,S018,2026-06-17,Admin,35,False,Growth,synthetic,planning-v2-seed-20260920
ACT-0158-1,SIM-0158,S018,2026-07-02,Discovery,45,True,Growth,synthetic,planning-v2-seed-20260920
ACT-0158-2,SIM-0158,S018,2026-07-17,Admin,35,True,Growth,synthetic,planning-v2-seed-20260920
ACT-0158-3,SIM-0158,S018,2026-08-01,Discovery,45,False,Growth,synthetic,planning-v2-seed-20260920
ACT-0158-4,SIM-0158,S018,2026-08-16,Admin,35,True,Growth,synthetic,planning-v2-seed-20260920
ACT-0158-5,SIM-0158,S018,2026-09-16,Discovery,45,True,Growth,synthetic,planning-v2-seed-20260920
ACT-0159-0,SIM-0159,S019,2025-12-05,Admin,35,False,Enterprise,synthetic,planning-v2-seed-20260920
ACT-0159-1,SIM-0159,S019,2025-12-15,Discovery,45,True,Enterprise,synthetic,planning-v2-seed-20260920
ACT-0159-2,SIM-0159,S019,2025-12-25,Admin,35,True,Enterprise,synthetic,planning-v2-seed-20260920
ACT-0159-3,SIM-0159,S019,2026-01-05,Discovery,45,False,Enterprise,synthetic,planning-v2-seed-20260920
ACT-0159-4,SIM-0159,S019,2026-01-15,Admin,35,True,Enterprise,synthetic,planning-v2-seed-20260920
ACT-0159-5,SIM-0159,S019,2026-01-28,Discovery,45,True,Enterprise,synthetic,planning-v2-seed-20260920
ACT-0160-0,SIM-0160,S020,2026-03-25,Admin,35,False,Scale,synthetic,planning-v2-seed-20260920
ACT-0160-1,SIM-0160,S020,2026-04-01,Discovery,45,True,Scale,synthetic,planning-v2-seed-20260920
ACT-0160-2,SIM-0160,S020,2026-04-09,Admin,35,True,Scale,synthetic,planning-v2-seed-20260920
ACT-0160-3,SIM-0160,S020,2026-04-16,Discovery,45,False,Scale,synthetic,planning-v2-seed-20260920
ACT-0160-4,SIM-0160,S020,2026-04-24,Admin,35,True,Scale,synthetic,planning-v2-seed-20260920
ACT-0160-5,SIM-0160,S020,2026-05-24,Discovery,45,True,Scale,synthetic,planning-v2-seed-20260920
ACT-0161-0,SIM-0161,S021,2026-09-10,Admin,35,False,Growth,synthetic,planning-v2-seed-20260920
ACT-0162-0,SIM-0162,S022,2026-03-18,Admin,35,False,Enterprise,synthetic,planning-v2-seed-20260920
ACT-0162-1,SIM-0162,S022,2026-03-27,Discovery,45,True,Enterprise,synthetic,planning-v2-seed-20260920
ACT-0162-2,SIM-0162,S022,2026-04-05,Admin,35,True,Enterprise,synthetic,planning-v2-seed-20260920
ACT-0162-3,SIM-0162,S022,2026-04-15,Discovery,45,False,Enterprise,synthetic,planning-v2-seed-20260920
ACT-0162-4,SIM-0162,S022,2026-04-24,Admin,35,True,Enterprise,synthetic,planning-v2-seed-20260920
ACT-0162-5,SIM-0162,S022,2026-05-18,Discovery,45,True,Enterprise,synthetic,planning-v2-seed-20260920
ACT-0163-0,SIM-0163,S023,2026-06-25,Admin,35,False,Scale,synthetic,planning-v2-seed-20260920
ACT-0163-1,SIM-0163,S023,2026-07-09,Discovery,45,True,Scale,synthetic,planning-v2-seed-20260920
ACT-0163-2,SIM-0163,S023,2026-07-24,Admin,35,True,Scale,synthetic,planning-v2-seed-20260920
ACT-0163-3,SIM-0163,S023,2026-08-07,Discovery,45,False,Scale,synthetic,planning-v2-seed-20260920
ACT-0163-4,SIM-0163,S023,2026-08-22,Admin,35,True,Scale,synthetic,planning-v2-seed-20260920
ACT-0163-5,SIM-0163,S023,2026-09-14,Discovery,45,True,Scale,synthetic,planning-v2-seed-20260920
ACT-0164-0,SIM-0164,S024,2026-04-19,Admin,35,False,Growth,synthetic,planning-v2-seed-20260920
ACT-0164-1,SIM-0164,S024,2026-04-29,Discovery,45,True,Growth,synthetic,planning-v2-seed-20260920
ACT-0164-2,SIM-0164,S024,2026-05-09,Admin,35,True,Growth,synthetic,planning-v2-seed-20260920
ACT-0164-3,SIM-0164,S024,2026-05-19,Discovery,45,False,Growth,synthetic,planning-v2-seed-20260920
ACT-0164-4,SIM-0164,S024,2026-05-29,Admin,35,True,Growth,synthetic,planning-v2-seed-20260920
ACT-0164-5,SIM-0164,S024,2026-06-22,Discovery,45,True,Growth,synthetic,planning-v2-seed-20260920
ACT-0165-0,SIM-0165,S025,2026-06-11,Admin,35,False,Enterprise,synthetic,planning-v2-seed-20260920
ACT-0165-1,SIM-0165,S025,2026-06-16,Discovery,45,True,Enterprise,synthetic,planning-v2-seed-20260920
ACT-0165-2,SIM-0165,S025,2026-06-21,Admin,35,True,Enterprise,synthetic,planning-v2-seed-20260920
ACT-0165-3,SIM-0165,S025,2026-06-27,Discovery,45,False,Enterprise,synthetic,planning-v2-seed-20260920
ACT-0165-4,SIM-0165,S025,2026-07-02,Admin,35,True,Enterprise,synthetic,planning-v2-seed-20260920
ACT-0165-5,SIM-0165,S025,2026-07-30,Discovery,45,True,Enterprise,synthetic,planning-v2-seed-20260920
ACT-0166-0,SIM-0166,S026,2026-05-13,Admin,35,False,Scale,synthetic,planning-v2-seed-20260920
ACT-0166-1,SIM-0166,S026,2026-05-28,Discovery,45,True,Scale,synthetic,planning-v2-seed-20260920
ACT-0166-2,SIM-0166,S026,2026-06-13,Admin,35,True,Scale,synthetic,planning-v2-seed-20260920
ACT-0166-3,SIM-0166,S026,2026-06-29,Discovery,45,False,Scale,synthetic,planning-v2-seed-20260920
ACT-0166-4,SIM-0166,S026,2026-07-15,Admin,35,True,Scale,synthetic,planning-v2-seed-20260920
ACT-0166-5,SIM-0166,S026,2026-08-04,Discovery,45,True,Scale,synthetic,planning-v2-seed-20260920
ACT-0167-0,SIM-0167,S027,2026-03-22,Admin,35,False,Growth,synthetic,planning-v2-seed-20260920
ACT-0167-1,SIM-0167,S027,2026-04-07,Discovery,45,True,Growth,synthetic,planning-v2-seed-20260920
ACT-0167-2,SIM-0167,S027,2026-04-23,Admin,35,True,Growth,synthetic,planning-v2-seed-20260920
ACT-0167-3,SIM-0167,S027,2026-05-09,Discovery,45,False,Growth,synthetic,planning-v2-seed-20260920
ACT-0167-4,SIM-0167,S027,2026-05-25,Admin,35,True,Growth,synthetic,planning-v2-seed-20260920
ACT-0167-5,SIM-0167,S027,2026-06-15,Discovery,45,True,Growth,synthetic,planning-v2-seed-20260920
ACT-0168-0,SIM-0168,S028,2026-01-05,Admin,35,False,Enterprise,synthetic,planning-v2-seed-20260920
ACT-0168-1,SIM-0168,S028,2026-01-18,Discovery,45,True,Enterprise,synthetic,planning-v2-seed-20260920
ACT-0168-2,SIM-0168,S028,2026-01-31,Admin,35,True,Enterprise,synthetic,planning-v2-seed-20260920
ACT-0168-3,SIM-0168,S028,2026-02-13,Discovery,45,False,Enterprise,synthetic,planning-v2-seed-20260920
ACT-0168-4,SIM-0168,S028,2026-02-26,Admin,35,True,Enterprise,synthetic,planning-v2-seed-20260920
ACT-0168-5,SIM-0168,S028,2026-03-11,Discovery,45,True,Enterprise,synthetic,planning-v2-seed-20260920
ACT-0169-0,SIM-0169,S029,2026-09-13,Admin,35,False,Scale,synthetic,planning-v2-seed-20260920
ACT-0170-0,SIM-0170,S030,2026-03-12,Admin,35,False,Growth,synthetic,planning-v2-seed-20260920
ACT-0170-1,SIM-0170,S030,2026-03-30,Discovery,45,True,Growth,synthetic,planning-v2-seed-20260920
ACT-0170-2,SIM-0170,S030,2026-04-17,Admin,35,True,Growth,synthetic,planning-v2-seed-20260920
ACT-0170-3,SIM-0170,S030,2026-05-05,Discovery,45,False,Growth,synthetic,planning-v2-seed-20260920
ACT-0170-4,SIM-0170,S030,2026-05-23,Admin,35,True,Growth,synthetic,planning-v2-seed-20260920
ACT-0170-5,SIM-0170,S030,2026-06-20,Discovery,45,True,Growth,synthetic,planning-v2-seed-20260920
ACT-0171-0,SIM-0171,S031,2026-08-02,Admin,35,False,Growth,synthetic,planning-v2-seed-20260920
ACT-0171-1,SIM-0171,S031,2026-08-07,Discovery,45,True,Growth,synthetic,planning-v2-seed-20260920
ACT-0171-2,SIM-0171,S031,2026-08-12,Admin,35,True,Growth,synthetic,planning-v2-seed-20260920
ACT-0171-3,SIM-0171,S031,2026-08-17,Discovery,45,False,Growth,synthetic,planning-v2-seed-20260920
ACT-0171-4,SIM-0171,S031,2026-08-22,Admin,35,True,Growth,synthetic,planning-v2-seed-20260920
ACT-0171-5,SIM-0171,S031,2026-08-30,Discovery,45,True,Growth,synthetic,planning-v2-seed-20260920
ACT-0172-0,SIM-0172,S032,2026-09-17,Admin,35,False,Enterprise,synthetic,planning-v2-seed-20260920
ACT-0173-0,SIM-0173,S033,2026-07-30,Admin,35,False,Scale,synthetic,planning-v2-seed-20260920
ACT-0173-1,SIM-0173,S033,2026-08-16,Discovery,45,True,Scale,synthetic,planning-v2-seed-20260920
ACT-0173-2,SIM-0173,S033,2026-09-02,Admin,35,True,Scale,synthetic,planning-v2-seed-20260920
ACT-0174-0,SIM-0174,S034,2026-08-12,Admin,35,False,Growth,synthetic,planning-v2-seed-20260920
ACT-0174-1,SIM-0174,S034,2026-08-27,Discovery,45,True,Growth,synthetic,planning-v2-seed-20260920
ACT-0174-2,SIM-0174,S034,2026-09-12,Admin,35,True,Growth,synthetic,planning-v2-seed-20260920
ACT-0175-0,SIM-0175,S035,2026-08-17,Admin,35,False,Enterprise,synthetic,planning-v2-seed-20260920
ACT-0175-1,SIM-0175,S035,2026-09-01,Discovery,45,True,Enterprise,synthetic,planning-v2-seed-20260920
ACT-0175-2,SIM-0175,S035,2026-09-16,Admin,35,True,Enterprise,synthetic,planning-v2-seed-20260920
ACT-0176-0,SIM-0176,S001,2026-07-17,Admin,35,False,Scale,synthetic,planning-v2-seed-20260920
ACT-0176-1,SIM-0176,S001,2026-08-09,Discovery,45,True,Scale,synthetic,planning-v2-seed-20260920
ACT-0176-2,SIM-0176,S001,2026-09-01,Admin,35,True,Scale,synthetic,planning-v2-seed-20260920
ACT-0177-0,SIM-0177,S002,2026-09-06,Admin,35,False,Growth,synthetic,planning-v2-seed-20260920
ACT-0178-0,SIM-0178,S003,2026-06-29,Admin,35,False,Enterprise,synthetic,planning-v2-seed-20260920
ACT-0178-1,SIM-0178,S003,2026-07-16,Discovery,45,True,Enterprise,synthetic,planning-v2-seed-20260920
ACT-0178-2,SIM-0178,S003,2026-08-02,Admin,35,True,Enterprise,synthetic,planning-v2-seed-20260920
ACT-0178-3,SIM-0178,S003,2026-08-19,Discovery,45,False,Enterprise,synthetic,planning-v2-seed-20260920
ACT-0178-4,SIM-0178,S003,2026-09-05,Admin,35,True,Enterprise,synthetic,planning-v2-seed-20260920
ACT-0179-0,SIM-0179,S004,2026-07-31,Admin,35,False,Scale,synthetic,planning-v2-seed-20260920
ACT-0179-1,SIM-0179,S004,2026-08-14,Discovery,45,True,Scale,synthetic,planning-v2-seed-20260920
ACT-0179-2,SIM-0179,S004,2026-08-28,Admin,35,True,Scale,synthetic,planning-v2-seed-20260920
ACT-0179-3,SIM-0179,S004,2026-09-11,Discovery,45,False,Scale,synthetic,planning-v2-seed-20260920
ACT-0180-0,SIM-0180,S005,2025-12-23,Admin,35,False,Growth,synthetic,planning-v2-seed-20260920
ACT-0180-1,SIM-0180,S005,2026-01-02,Discovery,45,True,Growth,synthetic,planning-v2-seed-20260920
ACT-0180-2,SIM-0180,S005,2026-01-13,Admin,35,True,Growth,synthetic,planning-v2-seed-20260920
ACT-0180-3,SIM-0180,S005,2026-01-24,Discovery,45,False,Growth,synthetic,planning-v2-seed-20260920
ACT-0180-4,SIM-0180,S005,2026-02-04,Admin,35,True,Growth,synthetic,planning-v2-seed-20260920
ACT-0180-5,SIM-0180,S005,2026-03-04,Discovery,45,True,Growth,synthetic,planning-v2-seed-20260920
ACT-0181-0,SIM-0181,S006,2026-02-20,Admin,35,False,Enterprise,synthetic,planning-v2-seed-20260920
ACT-0181-1,SIM-0181,S006,2026-02-25,Discovery,45,True,Enterprise,synthetic,planning-v2-seed-20260920
ACT-0181-2,SIM-0181,S006,2026-03-03,Admin,35,True,Enterprise,synthetic,planning-v2-seed-20260920
ACT-0181-3,SIM-0181,S006,2026-03-08,Discovery,45,False,Enterprise,synthetic,planning-v2-seed-20260920
ACT-0181-4,SIM-0181,S006,2026-03-14,Admin,35,True,Enterprise,synthetic,planning-v2-seed-20260920
ACT-0181-5,SIM-0181,S006,2026-03-19,Discovery,45,True,Enterprise,synthetic,planning-v2-seed-20260920
ACT-0182-0,SIM-0182,S007,2025-12-29,Admin,35,False,Scale,synthetic,planning-v2-seed-20260920
ACT-0182-1,SIM-0182,S007,2026-01-06,Discovery,45,True,Scale,synthetic,planning-v2-seed-20260920
ACT-0182-2,SIM-0182,S007,2026-01-15,Admin,35,True,Scale,synthetic,planning-v2-seed-20260920
ACT-0182-3,SIM-0182,S007,2026-01-23,Discovery,45,False,Scale,synthetic,planning-v2-seed-20260920
ACT-0182-4,SIM-0182,S007,2026-02-01,Admin,35,True,Scale,synthetic,planning-v2-seed-20260920
ACT-0182-5,SIM-0182,S007,2026-03-02,Discovery,45,True,Scale,synthetic,planning-v2-seed-20260920
ACT-0183-0,SIM-0183,S008,2026-03-19,Admin,35,False,Growth,synthetic,planning-v2-seed-20260920
ACT-0183-1,SIM-0183,S008,2026-04-09,Discovery,45,True,Growth,synthetic,planning-v2-seed-20260920
ACT-0183-2,SIM-0183,S008,2026-05-01,Admin,35,True,Growth,synthetic,planning-v2-seed-20260920
ACT-0183-3,SIM-0183,S008,2026-05-23,Discovery,45,False,Growth,synthetic,planning-v2-seed-20260920
ACT-0183-4,SIM-0183,S008,2026-06-14,Admin,35,True,Growth,synthetic,planning-v2-seed-20260920
ACT-0183-5,SIM-0183,S008,2026-07-14,Discovery,45,True,Growth,synthetic,planning-v2-seed-20260920
ACT-0184-0,SIM-0184,S009,2026-01-24,Admin,35,False,Enterprise,synthetic,planning-v2-seed-20260920
ACT-0184-1,SIM-0184,S009,2026-01-30,Discovery,45,True,Enterprise,synthetic,planning-v2-seed-20260920
ACT-0184-2,SIM-0184,S009,2026-02-06,Admin,35,True,Enterprise,synthetic,planning-v2-seed-20260920
ACT-0184-3,SIM-0184,S009,2026-02-13,Discovery,45,False,Enterprise,synthetic,planning-v2-seed-20260920
ACT-0184-4,SIM-0184,S009,2026-02-20,Admin,35,True,Enterprise,synthetic,planning-v2-seed-20260920
ACT-0184-5,SIM-0184,S009,2026-03-10,Discovery,45,True,Enterprise,synthetic,planning-v2-seed-20260920
ACT-0185-0,SIM-0185,S010,2026-05-20,Admin,35,False,Scale,synthetic,planning-v2-seed-20260920
ACT-0185-1,SIM-0185,S010,2026-06-02,Discovery,45,True,Scale,synthetic,planning-v2-seed-20260920
ACT-0185-2,SIM-0185,S010,2026-06-15,Admin,35,True,Scale,synthetic,planning-v2-seed-20260920
ACT-0185-3,SIM-0185,S010,2026-06-28,Discovery,45,False,Scale,synthetic,planning-v2-seed-20260920
ACT-0185-4,SIM-0185,S010,2026-07-11,Admin,35,True,Scale,synthetic,planning-v2-seed-20260920
ACT-0185-5,SIM-0185,S010,2026-08-02,Discovery,45,True,Scale,synthetic,planning-v2-seed-20260920
ACT-0186-0,SIM-0186,S011,2026-05-01,Admin,35,False,Growth,synthetic,planning-v2-seed-20260920
ACT-0186-1,SIM-0186,S011,2026-05-15,Discovery,45,True,Growth,synthetic,planning-v2-seed-20260920
ACT-0186-2,SIM-0186,S011,2026-05-30,Admin,35,True,Growth,synthetic,planning-v2-seed-20260920
ACT-0186-3,SIM-0186,S011,2026-06-13,Discovery,45,False,Growth,synthetic,planning-v2-seed-20260920
ACT-0186-4,SIM-0186,S011,2026-06-28,Admin,35,True,Growth,synthetic,planning-v2-seed-20260920
ACT-0186-5,SIM-0186,S011,2026-07-14,Discovery,45,True,Growth,synthetic,planning-v2-seed-20260920
ACT-0187-0,SIM-0187,S012,2026-04-24,Admin,35,False,Enterprise,synthetic,planning-v2-seed-20260920
ACT-0187-1,SIM-0187,S012,2026-05-11,Discovery,45,True,Enterprise,synthetic,planning-v2-seed-20260920
ACT-0187-2,SIM-0187,S012,2026-05-29,Admin,35,True,Enterprise,synthetic,planning-v2-seed-20260920
ACT-0187-3,SIM-0187,S012,2026-06-15,Discovery,45,False,Enterprise,synthetic,planning-v2-seed-20260920
ACT-0187-4,SIM-0187,S012,2026-07-03,Admin,35,True,Enterprise,synthetic,planning-v2-seed-20260920
ACT-0187-5,SIM-0187,S012,2026-07-31,Discovery,45,True,Enterprise,synthetic,planning-v2-seed-20260920
ACT-0188-0,SIM-0188,S013,2026-05-11,Admin,35,False,Scale,synthetic,planning-v2-seed-20260920
ACT-0188-1,SIM-0188,S013,2026-05-26,Discovery,45,True,Scale,synthetic,planning-v2-seed-20260920
ACT-0188-2,SIM-0188,S013,2026-06-10,Admin,35,True,Scale,synthetic,planning-v2-seed-20260920
ACT-0188-3,SIM-0188,S013,2026-06-26,Discovery,45,False,Scale,synthetic,planning-v2-seed-20260920
ACT-0188-4,SIM-0188,S013,2026-07-11,Admin,35,True,Scale,synthetic,planning-v2-seed-20260920
ACT-0188-5,SIM-0188,S013,2026-08-08,Discovery,45,True,Scale,synthetic,planning-v2-seed-20260920
ACT-0189-0,SIM-0189,S014,2026-02-22,Admin,35,False,Growth,synthetic,planning-v2-seed-20260920
ACT-0189-1,SIM-0189,S014,2026-03-14,Discovery,45,True,Growth,synthetic,planning-v2-seed-20260920
ACT-0189-2,SIM-0189,S014,2026-04-04,Admin,35,True,Growth,synthetic,planning-v2-seed-20260920
ACT-0189-3,SIM-0189,S014,2026-04-24,Discovery,45,False,Growth,synthetic,planning-v2-seed-20260920
ACT-0189-4,SIM-0189,S014,2026-05-15,Admin,35,True,Growth,synthetic,planning-v2-seed-20260920
ACT-0189-5,SIM-0189,S014,2026-06-14,Discovery,45,True,Growth,synthetic,planning-v2-seed-20260920
ACT-0190-0,SIM-0190,S015,2026-07-04,Admin,35,False,Enterprise,synthetic,planning-v2-seed-20260920
ACT-0190-1,SIM-0190,S015,2026-07-13,Discovery,45,True,Enterprise,synthetic,planning-v2-seed-20260920
ACT-0190-2,SIM-0190,S015,2026-07-22,Admin,35,True,Enterprise,synthetic,planning-v2-seed-20260920
ACT-0190-3,SIM-0190,S015,2026-07-31,Discovery,45,False,Enterprise,synthetic,planning-v2-seed-20260920
ACT-0190-4,SIM-0190,S015,2026-08-09,Admin,35,True,Enterprise,synthetic,planning-v2-seed-20260920
ACT-0190-5,SIM-0190,S015,2026-08-27,Discovery,45,True,Enterprise,synthetic,planning-v2-seed-20260920
ACT-0191-0,SIM-0191,S016,2026-08-16,Admin,35,False,Scale,synthetic,planning-v2-seed-20260920
ACT-0191-1,SIM-0191,S016,2026-08-30,Discovery,45,True,Scale,synthetic,planning-v2-seed-20260920
ACT-0191-2,SIM-0191,S016,2026-09-13,Admin,35,True,Scale,synthetic,planning-v2-seed-20260920
ACT-0192-0,SIM-0192,S017,2025-12-21,Admin,35,False,Growth,synthetic,planning-v2-seed-20260920
ACT-0192-1,SIM-0192,S017,2025-12-29,Discovery,45,True,Growth,synthetic,planning-v2-seed-20260920
ACT-0192-2,SIM-0192,S017,2026-01-06,Admin,35,True,Growth,synthetic,planning-v2-seed-20260920
ACT-0192-3,SIM-0192,S017,2026-01-15,Discovery,45,False,Growth,synthetic,planning-v2-seed-20260920
ACT-0192-4,SIM-0192,S017,2026-01-23,Admin,35,True,Growth,synthetic,planning-v2-seed-20260920
ACT-0192-5,SIM-0192,S017,2026-02-16,Discovery,45,True,Growth,synthetic,planning-v2-seed-20260920
ACT-0193-0,SIM-0193,S018,2026-07-14,Admin,35,False,Enterprise,synthetic,planning-v2-seed-20260920
ACT-0193-1,SIM-0193,S018,2026-08-05,Discovery,45,True,Enterprise,synthetic,planning-v2-seed-20260920
ACT-0193-2,SIM-0193,S018,2026-08-28,Admin,35,True,Enterprise,synthetic,planning-v2-seed-20260920
ACT-0194-0,SIM-0194,S019,2026-01-30,Admin,35,False,Scale,synthetic,planning-v2-seed-20260920
ACT-0194-1,SIM-0194,S019,2026-02-15,Discovery,45,True,Scale,synthetic,planning-v2-seed-20260920
ACT-0194-2,SIM-0194,S019,2026-03-03,Admin,35,True,Scale,synthetic,planning-v2-seed-20260920
ACT-0194-3,SIM-0194,S019,2026-03-20,Discovery,45,False,Scale,synthetic,planning-v2-seed-20260920
ACT-0194-4,SIM-0194,S019,2026-04-05,Admin,35,True,Scale,synthetic,planning-v2-seed-20260920
ACT-0194-5,SIM-0194,S019,2026-05-10,Discovery,45,True,Scale,synthetic,planning-v2-seed-20260920
ACT-0195-0,SIM-0195,S020,2026-05-23,Admin,35,False,Growth,synthetic,planning-v2-seed-20260920
ACT-0195-1,SIM-0195,S020,2026-06-15,Discovery,45,True,Growth,synthetic,planning-v2-seed-20260920
ACT-0195-2,SIM-0195,S020,2026-07-08,Admin,35,True,Growth,synthetic,planning-v2-seed-20260920
ACT-0195-3,SIM-0195,S020,2026-07-31,Discovery,45,False,Growth,synthetic,planning-v2-seed-20260920
ACT-0195-4,SIM-0195,S020,2026-08-23,Admin,35,True,Growth,synthetic,planning-v2-seed-20260920
ACT-0196-0,SIM-0196,S021,2026-06-04,Admin,35,False,Enterprise,synthetic,planning-v2-seed-20260920
ACT-0196-1,SIM-0196,S021,2026-06-16,Discovery,45,True,Enterprise,synthetic,planning-v2-seed-20260920
ACT-0196-2,SIM-0196,S021,2026-06-29,Admin,35,True,Enterprise,synthetic,planning-v2-seed-20260920
ACT-0196-3,SIM-0196,S021,2026-07-11,Discovery,45,False,Enterprise,synthetic,planning-v2-seed-20260920
ACT-0196-4,SIM-0196,S021,2026-07-24,Admin,35,True,Enterprise,synthetic,planning-v2-seed-20260920
ACT-0196-5,SIM-0196,S021,2026-08-04,Discovery,45,True,Enterprise,synthetic,planning-v2-seed-20260920
ACT-0197-0,SIM-0197,S022,2026-04-04,Admin,35,False,Scale,synthetic,planning-v2-seed-20260920
ACT-0197-1,SIM-0197,S022,2026-04-27,Discovery,45,True,Scale,synthetic,planning-v2-seed-20260920
ACT-0197-2,SIM-0197,S022,2026-05-21,Admin,35,True,Scale,synthetic,planning-v2-seed-20260920
ACT-0197-3,SIM-0197,S022,2026-06-13,Discovery,45,False,Scale,synthetic,planning-v2-seed-20260920
ACT-0197-4,SIM-0197,S022,2026-07-07,Admin,35,True,Scale,synthetic,planning-v2-seed-20260920
ACT-0197-5,SIM-0197,S022,2026-08-11,Discovery,45,True,Scale,synthetic,planning-v2-seed-20260920
ACT-0198-0,SIM-0198,S023,2026-08-11,Admin,35,False,Growth,synthetic,planning-v2-seed-20260920
ACT-0198-1,SIM-0198,S023,2026-08-20,Discovery,45,True,Growth,synthetic,planning-v2-seed-20260920
ACT-0198-2,SIM-0198,S023,2026-08-29,Admin,35,True,Growth,synthetic,planning-v2-seed-20260920
ACT-0198-3,SIM-0198,S023,2026-09-08,Discovery,45,False,Growth,synthetic,planning-v2-seed-20260920
ACT-0198-4,SIM-0198,S023,2026-09-17,Admin,35,True,Growth,synthetic,planning-v2-seed-20260920
ACT-0199-0,SIM-0199,S024,2026-01-15,Admin,35,False,Enterprise,synthetic,planning-v2-seed-20260920
ACT-0199-1,SIM-0199,S024,2026-01-26,Discovery,45,True,Enterprise,synthetic,planning-v2-seed-20260920
ACT-0199-2,SIM-0199,S024,2026-02-06,Admin,35,True,Enterprise,synthetic,planning-v2-seed-20260920
ACT-0199-3,SIM-0199,S024,2026-02-17,Discovery,45,False,Enterprise,synthetic,planning-v2-seed-20260920
ACT-0199-4,SIM-0199,S024,2026-02-28,Admin,35,True,Enterprise,synthetic,planning-v2-seed-20260920
ACT-0199-5,SIM-0199,S024,2026-03-21,Discovery,45,True,Enterprise,synthetic,planning-v2-seed-20260920
ACT-0200-0,SIM-0200,S025,2026-01-24,Admin,35,False,Scale,synthetic,planning-v2-seed-20260920
ACT-0200-1,SIM-0200,S025,2026-02-06,Discovery,45,True,Scale,synthetic,planning-v2-seed-20260920
ACT-0200-2,SIM-0200,S025,2026-02-19,Admin,35,True,Scale,synthetic,planning-v2-seed-20260920
ACT-0200-3,SIM-0200,S025,2026-03-04,Discovery,45,False,Scale,synthetic,planning-v2-seed-20260920
ACT-0200-4,SIM-0200,S025,2026-03-17,Admin,35,True,Scale,synthetic,planning-v2-seed-20260920
ACT-0200-5,SIM-0200,S025,2026-03-30,Discovery,45,True,Scale,synthetic,planning-v2-seed-20260920
ACT-0201-0,SIM-0201,S026,2026-05-28,Admin,35,False,Growth,synthetic,planning-v2-seed-20260920
ACT-0201-1,SIM-0201,S026,2026-06-18,Discovery,45,True,Growth,synthetic,planning-v2-seed-20260920
ACT-0201-2,SIM-0201,S026,2026-07-09,Admin,35,True,Growth,synthetic,planning-v2-seed-20260920
ACT-0201-3,SIM-0201,S026,2026-07-31,Discovery,45,False,Growth,synthetic,planning-v2-seed-20260920
ACT-0201-4,SIM-0201,S026,2026-08-21,Admin,35,True,Growth,synthetic,planning-v2-seed-20260920
ACT-0202-0,SIM-0202,S027,2026-08-12,Admin,35,False,Enterprise,synthetic,planning-v2-seed-20260920
ACT-0202-1,SIM-0202,S027,2026-08-22,Discovery,45,True,Enterprise,synthetic,planning-v2-seed-20260920
ACT-0202-2,SIM-0202,S027,2026-09-01,Admin,35,True,Enterprise,synthetic,planning-v2-seed-20260920
ACT-0202-3,SIM-0202,S027,2026-09-11,Discovery,45,False,Enterprise,synthetic,planning-v2-seed-20260920
ACT-0203-0,SIM-0203,S028,2026-06-04,Admin,35,False,Scale,synthetic,planning-v2-seed-20260920
ACT-0203-1,SIM-0203,S028,2026-06-20,Discovery,45,True,Scale,synthetic,planning-v2-seed-20260920
ACT-0203-2,SIM-0203,S028,2026-07-06,Admin,35,True,Scale,synthetic,planning-v2-seed-20260920
ACT-0203-3,SIM-0203,S028,2026-07-23,Discovery,45,False,Scale,synthetic,planning-v2-seed-20260920
ACT-0203-4,SIM-0203,S028,2026-08-08,Admin,35,True,Scale,synthetic,planning-v2-seed-20260920
ACT-0203-5,SIM-0203,S028,2026-08-21,Discovery,45,True,Scale,synthetic,planning-v2-seed-20260920
ACT-0204-0,SIM-0204,S029,2026-09-11,Admin,35,False,Growth,synthetic,planning-v2-seed-20260920
ACT-0205-0,SIM-0205,S030,2026-01-30,Admin,35,False,Enterprise,synthetic,planning-v2-seed-20260920
ACT-0205-1,SIM-0205,S030,2026-02-18,Discovery,45,True,Enterprise,synthetic,planning-v2-seed-20260920
ACT-0205-2,SIM-0205,S030,2026-03-09,Admin,35,True,Enterprise,synthetic,planning-v2-seed-20260920
ACT-0205-3,SIM-0205,S030,2026-03-28,Discovery,45,False,Enterprise,synthetic,planning-v2-seed-20260920
ACT-0205-4,SIM-0205,S030,2026-04-16,Admin,35,True,Enterprise,synthetic,planning-v2-seed-20260920
ACT-0205-5,SIM-0205,S030,2026-05-08,Discovery,45,True,Enterprise,synthetic,planning-v2-seed-20260920
ACT-0206-0,SIM-0206,S031,2026-08-22,Admin,35,False,Scale,synthetic,planning-v2-seed-20260920
ACT-0206-1,SIM-0206,S031,2026-09-13,Discovery,45,True,Scale,synthetic,planning-v2-seed-20260920
ACT-0207-0,SIM-0207,S032,2026-09-08,Admin,35,False,Growth,synthetic,planning-v2-seed-20260920
ACT-0207-1,SIM-0207,S032,2026-09-15,Discovery,45,True,Growth,synthetic,planning-v2-seed-20260920
ACT-0208-0,SIM-0208,S033,2026-08-31,Admin,35,False,Enterprise,synthetic,planning-v2-seed-20260920
ACT-0208-1,SIM-0208,S033,2026-09-16,Discovery,45,True,Enterprise,synthetic,planning-v2-seed-20260920
ACT-0209-0,SIM-0209,S034,2026-09-16,Admin,35,False,Scale,synthetic,planning-v2-seed-20260920
ACT-0210-0,SIM-0210,S035,2026-08-06,Admin,35,False,Growth,synthetic,planning-v2-seed-20260920
ACT-0210-1,SIM-0210,S035,2026-08-25,Discovery,45,True,Growth,synthetic,planning-v2-seed-20260920
ACT-0210-2,SIM-0210,S035,2026-09-13,Admin,35,True,Growth,synthetic,planning-v2-seed-20260920
ACT-0211-0,SIM-0211,S001,2026-05-23,Admin,35,False,Enterprise,synthetic,planning-v2-seed-20260920
ACT-0211-1,SIM-0211,S001,2026-06-15,Discovery,45,True,Enterprise,synthetic,planning-v2-seed-20260920
ACT-0211-2,SIM-0211,S001,2026-07-09,Admin,35,True,Enterprise,synthetic,planning-v2-seed-20260920
ACT-0211-3,SIM-0211,S001,2026-08-02,Discovery,45,False,Enterprise,synthetic,planning-v2-seed-20260920
ACT-0211-4,SIM-0211,S001,2026-08-26,Admin,35,True,Enterprise,synthetic,planning-v2-seed-20260920
ACT-0212-0,SIM-0212,S002,2026-06-29,Admin,35,False,Scale,synthetic,planning-v2-seed-20260920
ACT-0212-1,SIM-0212,S002,2026-07-08,Discovery,45,True,Scale,synthetic,planning-v2-seed-20260920
ACT-0212-2,SIM-0212,S002,2026-07-17,Admin,35,True,Scale,synthetic,planning-v2-seed-20260920
ACT-0212-3,SIM-0212,S002,2026-07-27,Discovery,45,False,Scale,synthetic,planning-v2-seed-20260920
ACT-0212-4,SIM-0212,S002,2026-08-05,Admin,35,True,Scale,synthetic,planning-v2-seed-20260920
ACT-0212-5,SIM-0212,S002,2026-08-19,Discovery,45,True,Scale,synthetic,planning-v2-seed-20260920
ACT-0213-0,SIM-0213,S003,2026-01-29,Admin,35,False,Growth,synthetic,planning-v2-seed-20260920
ACT-0213-1,SIM-0213,S003,2026-02-09,Discovery,45,True,Growth,synthetic,planning-v2-seed-20260920
ACT-0213-2,SIM-0213,S003,2026-02-20,Admin,35,True,Growth,synthetic,planning-v2-seed-20260920
ACT-0213-3,SIM-0213,S003,2026-03-04,Discovery,45,False,Growth,synthetic,planning-v2-seed-20260920
ACT-0213-4,SIM-0213,S003,2026-03-15,Admin,35,True,Growth,synthetic,planning-v2-seed-20260920
ACT-0213-5,SIM-0213,S003,2026-04-08,Discovery,45,True,Growth,synthetic,planning-v2-seed-20260920
ACT-0214-0,SIM-0214,S004,2026-08-29,Admin,35,False,Enterprise,synthetic,planning-v2-seed-20260920
ACT-0214-1,SIM-0214,S004,2026-09-04,Discovery,45,True,Enterprise,synthetic,planning-v2-seed-20260920
ACT-0214-2,SIM-0214,S004,2026-09-10,Admin,35,True,Enterprise,synthetic,planning-v2-seed-20260920
ACT-0214-3,SIM-0214,S004,2026-09-16,Discovery,45,False,Enterprise,synthetic,planning-v2-seed-20260920
ACT-0215-0,SIM-0215,S005,2026-06-16,Admin,35,False,Scale,synthetic,planning-v2-seed-20260920
ACT-0215-1,SIM-0215,S005,2026-07-09,Discovery,45,True,Scale,synthetic,planning-v2-seed-20260920
ACT-0215-2,SIM-0215,S005,2026-08-02,Admin,35,True,Scale,synthetic,planning-v2-seed-20260920
ACT-0215-3,SIM-0215,S005,2026-08-25,Discovery,45,False,Scale,synthetic,planning-v2-seed-20260920
ACT-0215-4,SIM-0215,S005,2026-09-18,Admin,35,True,Scale,synthetic,planning-v2-seed-20260920
ACT-0216-0,SIM-0216,S006,2025-12-31,Admin,35,False,Growth,synthetic,planning-v2-seed-20260920
ACT-0216-1,SIM-0216,S006,2026-01-21,Discovery,45,True,Growth,synthetic,planning-v2-seed-20260920
ACT-0216-2,SIM-0216,S006,2026-02-11,Admin,35,True,Growth,synthetic,planning-v2-seed-20260920
ACT-0216-3,SIM-0216,S006,2026-03-05,Discovery,45,False,Growth,synthetic,planning-v2-seed-20260920
ACT-0216-4,SIM-0216,S006,2026-03-26,Admin,35,True,Growth,synthetic,planning-v2-seed-20260920
ACT-0216-5,SIM-0216,S006,2026-04-20,Discovery,45,True,Growth,synthetic,planning-v2-seed-20260920
ACT-0217-0,SIM-0217,S007,2026-05-30,Admin,35,False,Enterprise,synthetic,planning-v2-seed-20260920
ACT-0217-1,SIM-0217,S007,2026-06-10,Discovery,45,True,Enterprise,synthetic,planning-v2-seed-20260920
ACT-0217-2,SIM-0217,S007,2026-06-22,Admin,35,True,Enterprise,synthetic,planning-v2-seed-20260920
ACT-0217-3,SIM-0217,S007,2026-07-03,Discovery,45,False,Enterprise,synthetic,planning-v2-seed-20260920
ACT-0217-4,SIM-0217,S007,2026-07-15,Admin,35,True,Enterprise,synthetic,planning-v2-seed-20260920
ACT-0217-5,SIM-0217,S007,2026-08-18,Discovery,45,True,Enterprise,synthetic,planning-v2-seed-20260920
ACT-0218-0,SIM-0218,S008,2026-04-15,Admin,35,False,Scale,synthetic,planning-v2-seed-20260920
ACT-0218-1,SIM-0218,S008,2026-04-27,Discovery,45,True,Scale,synthetic,planning-v2-seed-20260920
ACT-0218-2,SIM-0218,S008,2026-05-10,Admin,35,True,Scale,synthetic,planning-v2-seed-20260920
ACT-0218-3,SIM-0218,S008,2026-05-22,Discovery,45,False,Scale,synthetic,planning-v2-seed-20260920
ACT-0218-4,SIM-0218,S008,2026-06-04,Admin,35,True,Scale,synthetic,planning-v2-seed-20260920
ACT-0218-5,SIM-0218,S008,2026-07-01,Discovery,45,True,Scale,synthetic,planning-v2-seed-20260920
ACT-0219-0,SIM-0219,S009,2025-12-29,Admin,35,False,Growth,synthetic,planning-v2-seed-20260920
ACT-0219-1,SIM-0219,S009,2026-01-16,Discovery,45,True,Growth,synthetic,planning-v2-seed-20260920
ACT-0219-2,SIM-0219,S009,2026-02-03,Admin,35,True,Growth,synthetic,planning-v2-seed-20260920
ACT-0219-3,SIM-0219,S009,2026-02-22,Discovery,45,False,Growth,synthetic,planning-v2-seed-20260920
ACT-0219-4,SIM-0219,S009,2026-03-12,Admin,35,True,Growth,synthetic,planning-v2-seed-20260920
ACT-0219-5,SIM-0219,S009,2026-04-04,Discovery,45,True,Growth,synthetic,planning-v2-seed-20260920
ACT-0220-0,SIM-0220,S010,2026-02-17,Admin,35,False,Enterprise,synthetic,planning-v2-seed-20260920
ACT-0220-1,SIM-0220,S010,2026-03-09,Discovery,45,True,Enterprise,synthetic,planning-v2-seed-20260920
ACT-0220-2,SIM-0220,S010,2026-03-29,Admin,35,True,Enterprise,synthetic,planning-v2-seed-20260920
ACT-0220-3,SIM-0220,S010,2026-04-18,Discovery,45,False,Enterprise,synthetic,planning-v2-seed-20260920
ACT-0220-4,SIM-0220,S010,2026-05-08,Admin,35,True,Enterprise,synthetic,planning-v2-seed-20260920
ACT-0220-5,SIM-0220,S010,2026-06-09,Discovery,45,True,Enterprise,synthetic,planning-v2-seed-20260920
ACT-0221-0,SIM-0221,S011,2026-02-21,Admin,35,False,Scale,synthetic,planning-v2-seed-20260920
ACT-0221-1,SIM-0221,S011,2026-03-01,Discovery,45,True,Scale,synthetic,planning-v2-seed-20260920
ACT-0221-2,SIM-0221,S011,2026-03-09,Admin,35,True,Scale,synthetic,planning-v2-seed-20260920
ACT-0221-3,SIM-0221,S011,2026-03-18,Discovery,45,False,Scale,synthetic,planning-v2-seed-20260920
ACT-0221-4,SIM-0221,S011,2026-03-26,Admin,35,True,Scale,synthetic,planning-v2-seed-20260920
ACT-0221-5,SIM-0221,S011,2026-04-18,Discovery,45,True,Scale,synthetic,planning-v2-seed-20260920
ACT-0222-0,SIM-0222,S012,2026-08-29,Admin,35,False,Growth,synthetic,planning-v2-seed-20260920
ACT-0222-1,SIM-0222,S012,2026-09-04,Discovery,45,True,Growth,synthetic,planning-v2-seed-20260920
ACT-0222-2,SIM-0222,S012,2026-09-11,Admin,35,True,Growth,synthetic,planning-v2-seed-20260920
ACT-0222-3,SIM-0222,S012,2026-09-18,Discovery,45,False,Growth,synthetic,planning-v2-seed-20260920
ACT-0223-0,SIM-0223,S013,2026-01-12,Admin,35,False,Enterprise,synthetic,planning-v2-seed-20260920
ACT-0223-1,SIM-0223,S013,2026-01-21,Discovery,45,True,Enterprise,synthetic,planning-v2-seed-20260920
ACT-0223-2,SIM-0223,S013,2026-01-30,Admin,35,True,Enterprise,synthetic,planning-v2-seed-20260920
ACT-0223-3,SIM-0223,S013,2026-02-09,Discovery,45,False,Enterprise,synthetic,planning-v2-seed-20260920
ACT-0223-4,SIM-0223,S013,2026-02-18,Admin,35,True,Enterprise,synthetic,planning-v2-seed-20260920
ACT-0223-5,SIM-0223,S013,2026-02-24,Discovery,45,True,Enterprise,synthetic,planning-v2-seed-20260920
ACT-0224-0,SIM-0224,S014,2026-09-10,Admin,35,False,Scale,synthetic,planning-v2-seed-20260920
ACT-0225-0,SIM-0225,S015,2026-01-10,Admin,35,False,Growth,synthetic,planning-v2-seed-20260920
ACT-0225-1,SIM-0225,S015,2026-01-19,Discovery,45,True,Growth,synthetic,planning-v2-seed-20260920
ACT-0225-2,SIM-0225,S015,2026-01-28,Admin,35,True,Growth,synthetic,planning-v2-seed-20260920
ACT-0225-3,SIM-0225,S015,2026-02-06,Discovery,45,False,Growth,synthetic,planning-v2-seed-20260920
ACT-0225-4,SIM-0225,S015,2026-02-15,Admin,35,True,Growth,synthetic,planning-v2-seed-20260920
ACT-0225-5,SIM-0225,S015,2026-03-08,Discovery,45,True,Growth,synthetic,planning-v2-seed-20260920
ACT-0226-0,SIM-0226,S016,2026-05-24,Admin,35,False,Enterprise,synthetic,planning-v2-seed-20260920
ACT-0226-1,SIM-0226,S016,2026-06-05,Discovery,45,True,Enterprise,synthetic,planning-v2-seed-20260920
ACT-0226-2,SIM-0226,S016,2026-06-18,Admin,35,True,Enterprise,synthetic,planning-v2-seed-20260920
ACT-0226-3,SIM-0226,S016,2026-06-30,Discovery,45,False,Enterprise,synthetic,planning-v2-seed-20260920
ACT-0226-4,SIM-0226,S016,2026-07-13,Admin,35,True,Enterprise,synthetic,planning-v2-seed-20260920
ACT-0226-5,SIM-0226,S016,2026-08-16,Discovery,45,True,Enterprise,synthetic,planning-v2-seed-20260920
ACT-0227-0,SIM-0227,S017,2026-04-06,Admin,35,False,Scale,synthetic,planning-v2-seed-20260920
ACT-0227-1,SIM-0227,S017,2026-04-17,Discovery,45,True,Scale,synthetic,planning-v2-seed-20260920
ACT-0227-2,SIM-0227,S017,2026-04-29,Admin,35,True,Scale,synthetic,planning-v2-seed-20260920
ACT-0227-3,SIM-0227,S017,2026-05-11,Discovery,45,False,Scale,synthetic,planning-v2-seed-20260920
ACT-0227-4,SIM-0227,S017,2026-05-23,Admin,35,True,Scale,synthetic,planning-v2-seed-20260920
ACT-0227-5,SIM-0227,S017,2026-06-22,Discovery,45,True,Scale,synthetic,planning-v2-seed-20260920
ACT-0228-0,SIM-0228,S018,2026-02-27,Admin,35,False,Growth,synthetic,planning-v2-seed-20260920
ACT-0228-1,SIM-0228,S018,2026-03-16,Discovery,45,True,Growth,synthetic,planning-v2-seed-20260920
ACT-0228-2,SIM-0228,S018,2026-04-02,Admin,35,True,Growth,synthetic,planning-v2-seed-20260920
ACT-0228-3,SIM-0228,S018,2026-04-19,Discovery,45,False,Growth,synthetic,planning-v2-seed-20260920
ACT-0228-4,SIM-0228,S018,2026-05-06,Admin,35,True,Growth,synthetic,planning-v2-seed-20260920
ACT-0228-5,SIM-0228,S018,2026-06-16,Discovery,45,True,Growth,synthetic,planning-v2-seed-20260920
ACT-0229-0,SIM-0229,S019,2026-03-12,Admin,35,False,Enterprise,synthetic,planning-v2-seed-20260920
ACT-0229-1,SIM-0229,S019,2026-03-18,Discovery,45,True,Enterprise,synthetic,planning-v2-seed-20260920
ACT-0229-2,SIM-0229,S019,2026-03-24,Admin,35,True,Enterprise,synthetic,planning-v2-seed-20260920
ACT-0229-3,SIM-0229,S019,2026-03-30,Discovery,45,False,Enterprise,synthetic,planning-v2-seed-20260920
ACT-0229-4,SIM-0229,S019,2026-04-05,Admin,35,True,Enterprise,synthetic,planning-v2-seed-20260920
ACT-0229-5,SIM-0229,S019,2026-04-10,Discovery,45,True,Enterprise,synthetic,planning-v2-seed-20260920
ACT-0230-0,SIM-0230,S020,2025-12-27,Admin,35,False,Scale,synthetic,planning-v2-seed-20260920
ACT-0230-1,SIM-0230,S020,2026-01-09,Discovery,45,True,Scale,synthetic,planning-v2-seed-20260920
ACT-0230-2,SIM-0230,S020,2026-01-22,Admin,35,True,Scale,synthetic,planning-v2-seed-20260920
ACT-0230-3,SIM-0230,S020,2026-02-05,Discovery,45,False,Scale,synthetic,planning-v2-seed-20260920
ACT-0230-4,SIM-0230,S020,2026-02-18,Admin,35,True,Scale,synthetic,planning-v2-seed-20260920
ACT-0230-5,SIM-0230,S020,2026-03-15,Discovery,45,True,Scale,synthetic,planning-v2-seed-20260920
ACT-0231-0,SIM-0231,S021,2026-01-06,Admin,35,False,Growth,synthetic,planning-v2-seed-20260920
ACT-0231-1,SIM-0231,S021,2026-01-15,Discovery,45,True,Growth,synthetic,planning-v2-seed-20260920
ACT-0231-2,SIM-0231,S021,2026-01-24,Admin,35,True,Growth,synthetic,planning-v2-seed-20260920
ACT-0231-3,SIM-0231,S021,2026-02-02,Discovery,45,False,Growth,synthetic,planning-v2-seed-20260920
ACT-0231-4,SIM-0231,S021,2026-02-11,Admin,35,True,Growth,synthetic,planning-v2-seed-20260920
ACT-0231-5,SIM-0231,S021,2026-02-21,Discovery,45,True,Growth,synthetic,planning-v2-seed-20260920
ACT-0232-0,SIM-0232,S022,2026-03-11,Admin,35,False,Enterprise,synthetic,planning-v2-seed-20260920
ACT-0232-1,SIM-0232,S022,2026-03-29,Discovery,45,True,Enterprise,synthetic,planning-v2-seed-20260920
ACT-0232-2,SIM-0232,S022,2026-04-16,Admin,35,True,Enterprise,synthetic,planning-v2-seed-20260920
ACT-0232-3,SIM-0232,S022,2026-05-05,Discovery,45,False,Enterprise,synthetic,planning-v2-seed-20260920
ACT-0232-4,SIM-0232,S022,2026-05-23,Admin,35,True,Enterprise,synthetic,planning-v2-seed-20260920
ACT-0232-5,SIM-0232,S022,2026-06-22,Discovery,45,True,Enterprise,synthetic,planning-v2-seed-20260920
ACT-0233-0,SIM-0233,S023,2026-03-14,Admin,35,False,Scale,synthetic,planning-v2-seed-20260920
ACT-0233-1,SIM-0233,S023,2026-03-29,Discovery,45,True,Scale,synthetic,planning-v2-seed-20260920
ACT-0233-2,SIM-0233,S023,2026-04-14,Admin,35,True,Scale,synthetic,planning-v2-seed-20260920
ACT-0233-3,SIM-0233,S023,2026-04-29,Discovery,45,False,Scale,synthetic,planning-v2-seed-20260920
ACT-0233-4,SIM-0233,S023,2026-05-15,Admin,35,True,Scale,synthetic,planning-v2-seed-20260920
ACT-0233-5,SIM-0233,S023,2026-06-09,Discovery,45,True,Scale,synthetic,planning-v2-seed-20260920
ACT-0234-0,SIM-0234,S024,2026-07-14,Admin,35,False,Growth,synthetic,planning-v2-seed-20260920
ACT-0234-1,SIM-0234,S024,2026-07-27,Discovery,45,True,Growth,synthetic,planning-v2-seed-20260920
ACT-0234-2,SIM-0234,S024,2026-08-10,Admin,35,True,Growth,synthetic,planning-v2-seed-20260920
ACT-0234-3,SIM-0234,S024,2026-08-24,Discovery,45,False,Growth,synthetic,planning-v2-seed-20260920
ACT-0234-4,SIM-0234,S024,2026-09-07,Admin,35,True,Growth,synthetic,planning-v2-seed-20260920
ACT-0235-0,SIM-0235,S025,2026-01-02,Admin,35,False,Enterprise,synthetic,planning-v2-seed-20260920
ACT-0235-1,SIM-0235,S025,2026-01-08,Discovery,45,True,Enterprise,synthetic,planning-v2-seed-20260920
ACT-0235-2,SIM-0235,S025,2026-01-14,Admin,35,True,Enterprise,synthetic,planning-v2-seed-20260920
ACT-0235-3,SIM-0235,S025,2026-01-20,Discovery,45,False,Enterprise,synthetic,planning-v2-seed-20260920
ACT-0235-4,SIM-0235,S025,2026-01-26,Admin,35,True,Enterprise,synthetic,planning-v2-seed-20260920
ACT-0235-5,SIM-0235,S025,2026-02-09,Discovery,45,True,Enterprise,synthetic,planning-v2-seed-20260920
ACT-0236-0,SIM-0236,S026,2026-05-05,Admin,35,False,Scale,synthetic,planning-v2-seed-20260920
ACT-0236-1,SIM-0236,S026,2026-05-12,Discovery,45,True,Scale,synthetic,planning-v2-seed-20260920
ACT-0236-2,SIM-0236,S026,2026-05-19,Admin,35,True,Scale,synthetic,planning-v2-seed-20260920
ACT-0236-3,SIM-0236,S026,2026-05-26,Discovery,45,False,Scale,synthetic,planning-v2-seed-20260920
ACT-0236-4,SIM-0236,S026,2026-06-02,Admin,35,True,Scale,synthetic,planning-v2-seed-20260920
ACT-0236-5,SIM-0236,S026,2026-06-11,Discovery,45,True,Scale,synthetic,planning-v2-seed-20260920
ACT-0237-0,SIM-0237,S027,2026-09-13,Admin,35,False,Growth,synthetic,planning-v2-seed-20260920
ACT-0238-0,SIM-0238,S028,2026-09-07,Admin,35,False,Enterprise,synthetic,planning-v2-seed-20260920
ACT-0239-0,SIM-0239,S029,2026-03-06,Admin,35,False,Scale,synthetic,planning-v2-seed-20260920
ACT-0239-1,SIM-0239,S029,2026-03-12,Discovery,45,True,Scale,synthetic,planning-v2-seed-20260920
ACT-0239-2,SIM-0239,S029,2026-03-19,Admin,35,True,Scale,synthetic,planning-v2-seed-20260920
ACT-0239-3,SIM-0239,S029,2026-03-26,Discovery,45,False,Scale,synthetic,planning-v2-seed-20260920
ACT-0239-4,SIM-0239,S029,2026-04-02,Admin,35,True,Scale,synthetic,planning-v2-seed-20260920
ACT-0239-5,SIM-0239,S029,2026-04-14,Discovery,45,True,Scale,synthetic,planning-v2-seed-20260920
ACT-0240-0,SIM-0240,S030,2026-06-30,Admin,35,False,Growth,synthetic,planning-v2-seed-20260920
ACT-0240-1,SIM-0240,S030,2026-07-05,Discovery,45,True,Growth,synthetic,planning-v2-seed-20260920
ACT-0240-2,SIM-0240,S030,2026-07-10,Admin,35,True,Growth,synthetic,planning-v2-seed-20260920
ACT-0240-3,SIM-0240,S030,2026-07-16,Discovery,45,False,Growth,synthetic,planning-v2-seed-20260920
ACT-0240-4,SIM-0240,S030,2026-07-21,Admin,35,True,Growth,synthetic,planning-v2-seed-20260920
ACT-0241-0,SIM-0241,S031,2026-07-19,Admin,35,False,Enterprise,synthetic,planning-v2-seed-20260920
ACT-0241-1,SIM-0241,S031,2026-07-29,Discovery,45,True,Enterprise,synthetic,planning-v2-seed-20260920
ACT-0241-2,SIM-0241,S031,2026-08-08,Admin,35,True,Enterprise,synthetic,planning-v2-seed-20260920
ACT-0241-3,SIM-0241,S031,2026-08-18,Discovery,45,False,Enterprise,synthetic,planning-v2-seed-20260920
ACT-0241-4,SIM-0241,S031,2026-08-28,Admin,35,True,Enterprise,synthetic,planning-v2-seed-20260920
ACT-0241-5,SIM-0241,S031,2026-09-11,Discovery,45,True,Enterprise,synthetic,planning-v2-seed-20260920
ACT-0242-0,SIM-0242,S032,2026-08-26,Admin,35,False,Scale,synthetic,planning-v2-seed-20260920
ACT-0242-1,SIM-0242,S032,2026-09-14,Discovery,45,True,Scale,synthetic,planning-v2-seed-20260920
ACT-0243-0,SIM-0243,S033,2026-08-21,Admin,35,False,Growth,synthetic,planning-v2-seed-20260920
ACT-0243-1,SIM-0243,S033,2026-08-29,Discovery,45,True,Growth,synthetic,planning-v2-seed-20260920
ACT-0243-2,SIM-0243,S033,2026-09-06,Admin,35,True,Growth,synthetic,planning-v2-seed-20260920
ACT-0243-3,SIM-0243,S033,2026-09-14,Discovery,45,False,Growth,synthetic,planning-v2-seed-20260920
ACT-0244-0,SIM-0244,S034,2026-07-31,Admin,35,False,Enterprise,synthetic,planning-v2-seed-20260920
ACT-0244-1,SIM-0244,S034,2026-08-22,Discovery,45,True,Enterprise,synthetic,planning-v2-seed-20260920
ACT-0244-2,SIM-0244,S034,2026-09-13,Admin,35,True,Enterprise,synthetic,planning-v2-seed-20260920
ACT-0245-0,SIM-0245,S035,2026-08-09,Admin,35,False,Scale,synthetic,planning-v2-seed-20260920
ACT-0245-1,SIM-0245,S035,2026-08-14,Discovery,45,True,Scale,synthetic,planning-v2-seed-20260920
ACT-0245-2,SIM-0245,S035,2026-08-20,Admin,35,True,Scale,synthetic,planning-v2-seed-20260920
ACT-0245-3,SIM-0245,S035,2026-08-26,Discovery,45,False,Scale,synthetic,planning-v2-seed-20260920
ACT-0245-4,SIM-0245,S035,2026-09-01,Admin,35,True,Scale,synthetic,planning-v2-seed-20260920
ACT-0246-0,SIM-0246,S001,2026-06-06,Admin,35,False,Growth,synthetic,planning-v2-seed-20260920
ACT-0246-1,SIM-0246,S001,2026-06-19,Discovery,45,True,Growth,synthetic,planning-v2-seed-20260920
ACT-0246-2,SIM-0246,S001,2026-07-02,Admin,35,True,Growth,synthetic,planning-v2-seed-20260920
ACT-0246-3,SIM-0246,S001,2026-07-15,Discovery,45,False,Growth,synthetic,planning-v2-seed-20260920
ACT-0246-4,SIM-0246,S001,2026-07-28,Admin,35,True,Growth,synthetic,planning-v2-seed-20260920
ACT-0246-5,SIM-0246,S001,2026-08-27,Discovery,45,True,Growth,synthetic,planning-v2-seed-20260920
ACT-0247-0,SIM-0247,S002,2026-06-02,Admin,35,False,Enterprise,synthetic,planning-v2-seed-20260920
ACT-0247-1,SIM-0247,S002,2026-06-20,Discovery,45,True,Enterprise,synthetic,planning-v2-seed-20260920
ACT-0247-2,SIM-0247,S002,2026-07-08,Admin,35,True,Enterprise,synthetic,planning-v2-seed-20260920
ACT-0247-3,SIM-0247,S002,2026-07-26,Discovery,45,False,Enterprise,synthetic,planning-v2-seed-20260920
ACT-0247-4,SIM-0247,S002,2026-08-13,Admin,35,True,Enterprise,synthetic,planning-v2-seed-20260920
ACT-0247-5,SIM-0247,S002,2026-08-26,Discovery,45,True,Enterprise,synthetic,planning-v2-seed-20260920
ACT-0248-0,SIM-0248,S003,2025-12-26,Admin,35,False,Scale,synthetic,planning-v2-seed-20260920
ACT-0248-1,SIM-0248,S003,2026-01-09,Discovery,45,True,Scale,synthetic,planning-v2-seed-20260920
ACT-0248-2,SIM-0248,S003,2026-01-23,Admin,35,True,Scale,synthetic,planning-v2-seed-20260920
ACT-0248-3,SIM-0248,S003,2026-02-06,Discovery,45,False,Scale,synthetic,planning-v2-seed-20260920
ACT-0248-4,SIM-0248,S003,2026-02-20,Admin,35,True,Scale,synthetic,planning-v2-seed-20260920
ACT-0248-5,SIM-0248,S003,2026-03-09,Discovery,45,True,Scale,synthetic,planning-v2-seed-20260920
ACT-0249-0,SIM-0249,S004,2026-03-23,Admin,35,False,Growth,synthetic,planning-v2-seed-20260920
ACT-0249-1,SIM-0249,S004,2026-04-09,Discovery,45,True,Growth,synthetic,planning-v2-seed-20260920
ACT-0249-2,SIM-0249,S004,2026-04-26,Admin,35,True,Growth,synthetic,planning-v2-seed-20260920
ACT-0249-3,SIM-0249,S004,2026-05-13,Discovery,45,False,Growth,synthetic,planning-v2-seed-20260920
ACT-0249-4,SIM-0249,S004,2026-05-30,Admin,35,True,Growth,synthetic,planning-v2-seed-20260920
ACT-0249-5,SIM-0249,S004,2026-07-07,Discovery,45,True,Growth,synthetic,planning-v2-seed-20260920
ACT-0250-0,SIM-0250,S005,2025-12-15,Admin,35,False,Enterprise,synthetic,planning-v2-seed-20260920
ACT-0250-1,SIM-0250,S005,2026-01-06,Discovery,45,True,Enterprise,synthetic,planning-v2-seed-20260920
ACT-0250-2,SIM-0250,S005,2026-01-28,Admin,35,True,Enterprise,synthetic,planning-v2-seed-20260920
ACT-0250-3,SIM-0250,S005,2026-02-20,Discovery,45,False,Enterprise,synthetic,planning-v2-seed-20260920
ACT-0250-4,SIM-0250,S005,2026-03-14,Admin,35,True,Enterprise,synthetic,planning-v2-seed-20260920
ACT-0250-5,SIM-0250,S005,2026-04-29,Discovery,45,True,Enterprise,synthetic,planning-v2-seed-20260920
ACT-0251-0,SIM-0251,S006,2026-02-16,Admin,35,False,Scale,synthetic,planning-v2-seed-20260920
ACT-0251-1,SIM-0251,S006,2026-03-05,Discovery,45,True,Scale,synthetic,planning-v2-seed-20260920
ACT-0251-2,SIM-0251,S006,2026-03-23,Admin,35,True,Scale,synthetic,planning-v2-seed-20260920
ACT-0251-3,SIM-0251,S006,2026-04-10,Discovery,45,False,Scale,synthetic,planning-v2-seed-20260920
ACT-0251-4,SIM-0251,S006,2026-04-28,Admin,35,True,Scale,synthetic,planning-v2-seed-20260920
ACT-0251-5,SIM-0251,S006,2026-05-19,Discovery,45,True,Scale,synthetic,planning-v2-seed-20260920
ACT-0252-0,SIM-0252,S007,2025-12-02,Admin,35,False,Growth,synthetic,planning-v2-seed-20260920
ACT-0252-1,SIM-0252,S007,2025-12-21,Discovery,45,True,Growth,synthetic,planning-v2-seed-20260920
ACT-0252-2,SIM-0252,S007,2026-01-09,Admin,35,True,Growth,synthetic,planning-v2-seed-20260920
ACT-0252-3,SIM-0252,S007,2026-01-28,Discovery,45,False,Growth,synthetic,planning-v2-seed-20260920
ACT-0252-4,SIM-0252,S007,2026-02-16,Admin,35,True,Growth,synthetic,planning-v2-seed-20260920
ACT-0252-5,SIM-0252,S007,2026-03-04,Discovery,45,True,Growth,synthetic,planning-v2-seed-20260920
ACT-0253-0,SIM-0253,S008,2026-08-04,Admin,35,False,Enterprise,synthetic,planning-v2-seed-20260920
ACT-0253-1,SIM-0253,S008,2026-08-24,Discovery,45,True,Enterprise,synthetic,planning-v2-seed-20260920
ACT-0253-2,SIM-0253,S008,2026-09-13,Admin,35,True,Enterprise,synthetic,planning-v2-seed-20260920
ACT-0254-0,SIM-0254,S009,2025-12-30,Admin,35,False,Scale,synthetic,planning-v2-seed-20260920
ACT-0254-1,SIM-0254,S009,2026-01-12,Discovery,45,True,Scale,synthetic,planning-v2-seed-20260920
ACT-0254-2,SIM-0254,S009,2026-01-26,Admin,35,True,Scale,synthetic,planning-v2-seed-20260920
ACT-0254-3,SIM-0254,S009,2026-02-08,Discovery,45,False,Scale,synthetic,planning-v2-seed-20260920
ACT-0254-4,SIM-0254,S009,2026-02-22,Admin,35,True,Scale,synthetic,planning-v2-seed-20260920
ACT-0254-5,SIM-0254,S009,2026-03-17,Discovery,45,True,Scale,synthetic,planning-v2-seed-20260920
ACT-0255-0,SIM-0255,S010,2026-07-18,Admin,35,False,Growth,synthetic,planning-v2-seed-20260920
ACT-0255-1,SIM-0255,S010,2026-08-04,Discovery,45,True,Growth,synthetic,planning-v2-seed-20260920
ACT-0255-2,SIM-0255,S010,2026-08-21,Admin,35,True,Growth,synthetic,planning-v2-seed-20260920
ACT-0255-3,SIM-0255,S010,2026-09-07,Discovery,45,False,Growth,synthetic,planning-v2-seed-20260920
ACT-0256-0,SIM-0256,S011,2025-12-18,Admin,35,False,Growth,synthetic,planning-v2-seed-20260920
ACT-0256-1,SIM-0256,S011,2025-12-23,Discovery,45,True,Growth,synthetic,planning-v2-seed-20260920
ACT-0256-2,SIM-0256,S011,2025-12-29,Admin,35,True,Growth,synthetic,planning-v2-seed-20260920
ACT-0256-3,SIM-0256,S011,2026-01-03,Discovery,45,False,Growth,synthetic,planning-v2-seed-20260920
ACT-0256-4,SIM-0256,S011,2026-01-09,Admin,35,True,Growth,synthetic,planning-v2-seed-20260920
ACT-0256-5,SIM-0256,S011,2026-02-06,Discovery,45,True,Growth,synthetic,planning-v2-seed-20260920
ACT-0257-0,SIM-0257,S012,2026-08-18,Admin,35,False,Enterprise,synthetic,planning-v2-seed-20260920
ACT-0257-1,SIM-0257,S012,2026-09-09,Discovery,45,True,Enterprise,synthetic,planning-v2-seed-20260920
ACT-0258-0,SIM-0258,S013,2026-07-05,Admin,35,False,Scale,synthetic,planning-v2-seed-20260920
ACT-0258-1,SIM-0258,S013,2026-07-22,Discovery,45,True,Scale,synthetic,planning-v2-seed-20260920
ACT-0258-2,SIM-0258,S013,2026-08-08,Admin,35,True,Scale,synthetic,planning-v2-seed-20260920
ACT-0258-3,SIM-0258,S013,2026-08-25,Discovery,45,False,Scale,synthetic,planning-v2-seed-20260920
ACT-0258-4,SIM-0258,S013,2026-09-11,Admin,35,True,Scale,synthetic,planning-v2-seed-20260920
ACT-0259-0,SIM-0259,S014,2026-02-10,Admin,35,False,Growth,synthetic,planning-v2-seed-20260920
ACT-0259-1,SIM-0259,S014,2026-03-05,Discovery,45,True,Growth,synthetic,planning-v2-seed-20260920
ACT-0259-2,SIM-0259,S014,2026-03-29,Admin,35,True,Growth,synthetic,planning-v2-seed-20260920
ACT-0259-3,SIM-0259,S014,2026-04-21,Discovery,45,False,Growth,synthetic,planning-v2-seed-20260920
ACT-0259-4,SIM-0259,S014,2026-05-15,Admin,35,True,Growth,synthetic,planning-v2-seed-20260920
ACT-0259-5,SIM-0259,S014,2026-06-18,Discovery,45,True,Growth,synthetic,planning-v2-seed-20260920
ACT-0260-0,SIM-0260,S015,2026-02-08,Admin,35,False,Enterprise,synthetic,planning-v2-seed-20260920
ACT-0260-1,SIM-0260,S015,2026-02-27,Discovery,45,True,Enterprise,synthetic,planning-v2-seed-20260920
ACT-0260-2,SIM-0260,S015,2026-03-18,Admin,35,True,Enterprise,synthetic,planning-v2-seed-20260920
ACT-0260-3,SIM-0260,S015,2026-04-06,Discovery,45,False,Enterprise,synthetic,planning-v2-seed-20260920
ACT-0260-4,SIM-0260,S015,2026-04-25,Admin,35,True,Enterprise,synthetic,planning-v2-seed-20260920
ACT-0260-5,SIM-0260,S015,2026-05-27,Discovery,45,True,Enterprise,synthetic,planning-v2-seed-20260920
ACT-0261-0,SIM-0261,S016,2025-12-16,Admin,35,False,Scale,synthetic,planning-v2-seed-20260920
ACT-0261-1,SIM-0261,S016,2026-01-08,Discovery,45,True,Scale,synthetic,planning-v2-seed-20260920
ACT-0261-2,SIM-0261,S016,2026-01-31,Admin,35,True,Scale,synthetic,planning-v2-seed-20260920
ACT-0261-3,SIM-0261,S016,2026-02-24,Discovery,45,False,Scale,synthetic,planning-v2-seed-20260920
ACT-0261-4,SIM-0261,S016,2026-03-19,Admin,35,True,Scale,synthetic,planning-v2-seed-20260920
ACT-0261-5,SIM-0261,S016,2026-04-28,Discovery,45,True,Scale,synthetic,planning-v2-seed-20260920
ACT-0262-0,SIM-0262,S017,2025-12-31,Admin,35,False,Growth,synthetic,planning-v2-seed-20260920
ACT-0262-1,SIM-0262,S017,2026-01-21,Discovery,45,True,Growth,synthetic,planning-v2-seed-20260920
ACT-0262-2,SIM-0262,S017,2026-02-12,Admin,35,True,Growth,synthetic,planning-v2-seed-20260920
ACT-0262-3,SIM-0262,S017,2026-03-06,Discovery,45,False,Growth,synthetic,planning-v2-seed-20260920
ACT-0262-4,SIM-0262,S017,2026-03-28,Admin,35,True,Growth,synthetic,planning-v2-seed-20260920
ACT-0262-5,SIM-0262,S017,2026-04-17,Discovery,45,True,Growth,synthetic,planning-v2-seed-20260920
ACT-0263-0,SIM-0263,S018,2026-01-14,Admin,35,False,Enterprise,synthetic,planning-v2-seed-20260920
ACT-0263-1,SIM-0263,S018,2026-01-27,Discovery,45,True,Enterprise,synthetic,planning-v2-seed-20260920
ACT-0263-2,SIM-0263,S018,2026-02-10,Admin,35,True,Enterprise,synthetic,planning-v2-seed-20260920
ACT-0263-3,SIM-0263,S018,2026-02-23,Discovery,45,False,Enterprise,synthetic,planning-v2-seed-20260920
ACT-0263-4,SIM-0263,S018,2026-03-09,Admin,35,True,Enterprise,synthetic,planning-v2-seed-20260920
ACT-0263-5,SIM-0263,S018,2026-03-18,Discovery,45,True,Enterprise,synthetic,planning-v2-seed-20260920
ACT-0264-0,SIM-0264,S019,2026-05-16,Admin,35,False,Scale,synthetic,planning-v2-seed-20260920
ACT-0264-1,SIM-0264,S019,2026-05-26,Discovery,45,True,Scale,synthetic,planning-v2-seed-20260920
ACT-0264-2,SIM-0264,S019,2026-06-05,Admin,35,True,Scale,synthetic,planning-v2-seed-20260920
ACT-0264-3,SIM-0264,S019,2026-06-15,Discovery,45,False,Scale,synthetic,planning-v2-seed-20260920
ACT-0264-4,SIM-0264,S019,2026-06-25,Admin,35,True,Scale,synthetic,planning-v2-seed-20260920
ACT-0264-5,SIM-0264,S019,2026-07-21,Discovery,45,True,Scale,synthetic,planning-v2-seed-20260920
ACT-0265-0,SIM-0265,S020,2026-08-30,Admin,35,False,Growth,synthetic,planning-v2-seed-20260920
ACT-0266-0,SIM-0266,S021,2026-09-09,Admin,35,False,Enterprise,synthetic,planning-v2-seed-20260920
ACT-0267-0,SIM-0267,S022,2026-09-14,Admin,35,False,Scale,synthetic,planning-v2-seed-20260920
ACT-0268-0,SIM-0268,S023,2026-02-18,Admin,35,False,Growth,synthetic,planning-v2-seed-20260920
ACT-0268-1,SIM-0268,S023,2026-03-04,Discovery,45,True,Growth,synthetic,planning-v2-seed-20260920
ACT-0268-2,SIM-0268,S023,2026-03-19,Admin,35,True,Growth,synthetic,planning-v2-seed-20260920
ACT-0268-3,SIM-0268,S023,2026-04-03,Discovery,45,False,Growth,synthetic,planning-v2-seed-20260920
ACT-0268-4,SIM-0268,S023,2026-04-18,Admin,35,True,Growth,synthetic,planning-v2-seed-20260920
ACT-0268-5,SIM-0268,S023,2026-05-10,Discovery,45,True,Growth,synthetic,planning-v2-seed-20260920
ACT-0269-0,SIM-0269,S024,2026-08-07,Admin,35,False,Enterprise,synthetic,planning-v2-seed-20260920
ACT-0269-1,SIM-0269,S024,2026-08-23,Discovery,45,True,Enterprise,synthetic,planning-v2-seed-20260920
ACT-0269-2,SIM-0269,S024,2026-09-08,Admin,35,True,Enterprise,synthetic,planning-v2-seed-20260920
ACT-0270-0,SIM-0270,S025,2026-04-12,Admin,35,False,Scale,synthetic,planning-v2-seed-20260920
ACT-0270-1,SIM-0270,S025,2026-04-30,Discovery,45,True,Scale,synthetic,planning-v2-seed-20260920
ACT-0270-2,SIM-0270,S025,2026-05-19,Admin,35,True,Scale,synthetic,planning-v2-seed-20260920
ACT-0270-3,SIM-0270,S025,2026-06-06,Discovery,45,False,Scale,synthetic,planning-v2-seed-20260920
ACT-0270-4,SIM-0270,S025,2026-06-25,Admin,35,True,Scale,synthetic,planning-v2-seed-20260920
ACT-0270-5,SIM-0270,S025,2026-08-06,Discovery,45,True,Scale,synthetic,planning-v2-seed-20260920
ACT-0271-0,SIM-0271,S026,2026-04-24,Admin,35,False,Growth,synthetic,planning-v2-seed-20260920
ACT-0271-1,SIM-0271,S026,2026-05-17,Discovery,45,True,Growth,synthetic,planning-v2-seed-20260920
ACT-0271-2,SIM-0271,S026,2026-06-09,Admin,35,True,Growth,synthetic,planning-v2-seed-20260920
ACT-0271-3,SIM-0271,S026,2026-07-02,Discovery,45,False,Growth,synthetic,planning-v2-seed-20260920
ACT-0271-4,SIM-0271,S026,2026-07-25,Admin,35,True,Growth,synthetic,planning-v2-seed-20260920
ACT-0271-5,SIM-0271,S026,2026-08-17,Discovery,45,True,Growth,synthetic,planning-v2-seed-20260920
ACT-0272-0,SIM-0272,S027,2026-07-29,Admin,35,False,Enterprise,synthetic,planning-v2-seed-20260920
ACT-0272-1,SIM-0272,S027,2026-08-07,Discovery,45,True,Enterprise,synthetic,planning-v2-seed-20260920
ACT-0272-2,SIM-0272,S027,2026-08-16,Admin,35,True,Enterprise,synthetic,planning-v2-seed-20260920
ACT-0272-3,SIM-0272,S027,2026-08-25,Discovery,45,False,Enterprise,synthetic,planning-v2-seed-20260920
ACT-0272-4,SIM-0272,S027,2026-09-03,Admin,35,True,Enterprise,synthetic,planning-v2-seed-20260920
ACT-0273-0,SIM-0273,S028,2026-09-03,Admin,35,False,Scale,synthetic,planning-v2-seed-20260920
ACT-0274-0,SIM-0274,S029,2026-01-08,Admin,35,False,Growth,synthetic,planning-v2-seed-20260920
ACT-0274-1,SIM-0274,S029,2026-01-14,Discovery,45,True,Growth,synthetic,planning-v2-seed-20260920
ACT-0274-2,SIM-0274,S029,2026-01-21,Admin,35,True,Growth,synthetic,planning-v2-seed-20260920
ACT-0274-3,SIM-0274,S029,2026-01-27,Discovery,45,False,Growth,synthetic,planning-v2-seed-20260920
ACT-0274-4,SIM-0274,S029,2026-02-03,Admin,35,True,Growth,synthetic,planning-v2-seed-20260920
ACT-0274-5,SIM-0274,S029,2026-02-20,Discovery,45,True,Growth,synthetic,planning-v2-seed-20260920
ACT-0275-0,SIM-0275,S030,2026-08-17,Admin,35,False,Enterprise,synthetic,planning-v2-seed-20260920
ACT-0275-1,SIM-0275,S030,2026-08-28,Discovery,45,True,Enterprise,synthetic,planning-v2-seed-20260920
ACT-0275-2,SIM-0275,S030,2026-09-09,Admin,35,True,Enterprise,synthetic,planning-v2-seed-20260920
ACT-0276-0,SIM-0276,S031,2026-09-08,Admin,35,False,Scale,synthetic,planning-v2-seed-20260920
ACT-0277-0,SIM-0277,S032,2026-07-28,Admin,35,False,Growth,synthetic,planning-v2-seed-20260920
ACT-0277-1,SIM-0277,S032,2026-08-04,Discovery,45,True,Growth,synthetic,planning-v2-seed-20260920
ACT-0277-2,SIM-0277,S032,2026-08-11,Admin,35,True,Growth,synthetic,planning-v2-seed-20260920
ACT-0277-3,SIM-0277,S032,2026-08-18,Discovery,45,False,Growth,synthetic,planning-v2-seed-20260920
ACT-0277-4,SIM-0277,S032,2026-08-25,Admin,35,True,Growth,synthetic,planning-v2-seed-20260920
ACT-0277-5,SIM-0277,S032,2026-09-04,Discovery,45,True,Growth,synthetic,planning-v2-seed-20260920
ACT-0278-0,SIM-0278,S033,2026-07-24,Admin,35,False,Enterprise,synthetic,planning-v2-seed-20260920
ACT-0278-1,SIM-0278,S033,2026-08-15,Discovery,45,True,Enterprise,synthetic,planning-v2-seed-20260920
ACT-0278-2,SIM-0278,S033,2026-09-07,Admin,35,True,Enterprise,synthetic,planning-v2-seed-20260920
ACT-0279-0,SIM-0279,S034,2026-07-02,Admin,35,False,Scale,synthetic,planning-v2-seed-20260920
ACT-0279-1,SIM-0279,S034,2026-07-20,Discovery,45,True,Scale,synthetic,planning-v2-seed-20260920
ACT-0279-2,SIM-0279,S034,2026-08-08,Admin,35,True,Scale,synthetic,planning-v2-seed-20260920
ACT-0279-3,SIM-0279,S034,2026-08-27,Discovery,45,False,Scale,synthetic,planning-v2-seed-20260920
ACT-0279-4,SIM-0279,S034,2026-09-15,Admin,35,True,Scale,synthetic,planning-v2-seed-20260920
ACT-0280-0,SIM-0280,S035,2026-09-16,Admin,35,False,Growth,synthetic,planning-v2-seed-20260920
ACT-0281-0,SIM-0281,S001,2026-02-16,Admin,35,False,Enterprise,synthetic,planning-v2-seed-20260920
ACT-0281-1,SIM-0281,S001,2026-02-23,Discovery,45,True,Enterprise,synthetic,planning-v2-seed-20260920
ACT-0281-2,SIM-0281,S001,2026-03-02,Admin,35,True,Enterprise,synthetic,planning-v2-seed-20260920
ACT-0281-3,SIM-0281,S001,2026-03-09,Discovery,45,False,Enterprise,synthetic,planning-v2-seed-20260920
ACT-0281-4,SIM-0281,S001,2026-03-16,Admin,35,True,Enterprise,synthetic,planning-v2-seed-20260920
ACT-0281-5,SIM-0281,S001,2026-04-11,Discovery,45,True,Enterprise,synthetic,planning-v2-seed-20260920
ACT-0282-0,SIM-0282,S002,2026-03-19,Admin,35,False,Scale,synthetic,planning-v2-seed-20260920
ACT-0282-1,SIM-0282,S002,2026-03-27,Discovery,45,True,Scale,synthetic,planning-v2-seed-20260920
ACT-0282-2,SIM-0282,S002,2026-04-04,Admin,35,True,Scale,synthetic,planning-v2-seed-20260920
ACT-0282-3,SIM-0282,S002,2026-04-13,Discovery,45,False,Scale,synthetic,planning-v2-seed-20260920
ACT-0282-4,SIM-0282,S002,2026-04-21,Admin,35,True,Scale,synthetic,planning-v2-seed-20260920
ACT-0282-5,SIM-0282,S002,2026-05-15,Discovery,45,True,Scale,synthetic,planning-v2-seed-20260920
ACT-0283-0,SIM-0283,S003,2026-07-16,Admin,35,False,Growth,synthetic,planning-v2-seed-20260920
ACT-0283-1,SIM-0283,S003,2026-07-22,Discovery,45,True,Growth,synthetic,planning-v2-seed-20260920
ACT-0283-2,SIM-0283,S003,2026-07-29,Admin,35,True,Growth,synthetic,planning-v2-seed-20260920
ACT-0283-3,SIM-0283,S003,2026-08-04,Discovery,45,False,Growth,synthetic,planning-v2-seed-20260920
ACT-0283-4,SIM-0283,S003,2026-08-11,Admin,35,True,Growth,synthetic,planning-v2-seed-20260920
ACT-0283-5,SIM-0283,S003,2026-09-07,Discovery,45,True,Growth,synthetic,planning-v2-seed-20260920
ACT-0284-0,SIM-0284,S004,2026-01-02,Admin,35,False,Enterprise,synthetic,planning-v2-seed-20260920
ACT-0284-1,SIM-0284,S004,2026-01-10,Discovery,45,True,Enterprise,synthetic,planning-v2-seed-20260920
ACT-0284-2,SIM-0284,S004,2026-01-19,Admin,35,True,Enterprise,synthetic,planning-v2-seed-20260920
ACT-0284-3,SIM-0284,S004,2026-01-28,Discovery,45,False,Enterprise,synthetic,planning-v2-seed-20260920
ACT-0284-4,SIM-0284,S004,2026-02-06,Admin,35,True,Enterprise,synthetic,planning-v2-seed-20260920
ACT-0284-5,SIM-0284,S004,2026-03-08,Discovery,45,True,Enterprise,synthetic,planning-v2-seed-20260920
ACT-0285-0,SIM-0285,S005,2026-05-29,Admin,35,False,Scale,synthetic,planning-v2-seed-20260920
ACT-0285-1,SIM-0285,S005,2026-06-04,Discovery,45,True,Scale,synthetic,planning-v2-seed-20260920
ACT-0285-2,SIM-0285,S005,2026-06-10,Admin,35,True,Scale,synthetic,planning-v2-seed-20260920
ACT-0285-3,SIM-0285,S005,2026-06-16,Discovery,45,False,Scale,synthetic,planning-v2-seed-20260920
ACT-0285-4,SIM-0285,S005,2026-06-22,Admin,35,True,Scale,synthetic,planning-v2-seed-20260920
ACT-0285-5,SIM-0285,S005,2026-06-27,Discovery,45,True,Scale,synthetic,planning-v2-seed-20260920
ACT-0286-0,SIM-0286,S006,2026-01-29,Admin,35,False,Growth,synthetic,planning-v2-seed-20260920
ACT-0286-1,SIM-0286,S006,2026-02-12,Discovery,45,True,Growth,synthetic,planning-v2-seed-20260920
ACT-0286-2,SIM-0286,S006,2026-02-26,Admin,35,True,Growth,synthetic,planning-v2-seed-20260920
ACT-0286-3,SIM-0286,S006,2026-03-12,Discovery,45,False,Growth,synthetic,planning-v2-seed-20260920
ACT-0286-4,SIM-0286,S006,2026-03-26,Admin,35,True,Growth,synthetic,planning-v2-seed-20260920
ACT-0286-5,SIM-0286,S006,2026-05-01,Discovery,45,True,Growth,synthetic,planning-v2-seed-20260920
ACT-0287-0,SIM-0287,S007,2026-08-28,Admin,35,False,Enterprise,synthetic,planning-v2-seed-20260920
ACT-0288-0,SIM-0288,S008,2026-04-15,Admin,35,False,Scale,synthetic,planning-v2-seed-20260920
ACT-0288-1,SIM-0288,S008,2026-04-20,Discovery,45,True,Scale,synthetic,planning-v2-seed-20260920
ACT-0288-2,SIM-0288,S008,2026-04-25,Admin,35,True,Scale,synthetic,planning-v2-seed-20260920
ACT-0288-3,SIM-0288,S008,2026-04-30,Discovery,45,False,Scale,synthetic,planning-v2-seed-20260920
ACT-0288-4,SIM-0288,S008,2026-05-05,Admin,35,True,Scale,synthetic,planning-v2-seed-20260920
ACT-0288-5,SIM-0288,S008,2026-05-25,Discovery,45,True,Scale,synthetic,planning-v2-seed-20260920
ACT-0289-0,SIM-0289,S009,2026-06-17,Admin,35,False,Growth,synthetic,planning-v2-seed-20260920
ACT-0289-1,SIM-0289,S009,2026-06-23,Discovery,45,True,Growth,synthetic,planning-v2-seed-20260920
ACT-0289-2,SIM-0289,S009,2026-06-29,Admin,35,True,Growth,synthetic,planning-v2-seed-20260920
ACT-0289-3,SIM-0289,S009,2026-07-05,Discovery,45,False,Growth,synthetic,planning-v2-seed-20260920
ACT-0289-4,SIM-0289,S009,2026-07-11,Admin,35,True,Growth,synthetic,planning-v2-seed-20260920
ACT-0289-5,SIM-0289,S009,2026-07-15,Discovery,45,True,Growth,synthetic,planning-v2-seed-20260920
ACT-0290-0,SIM-0290,S010,2026-04-25,Admin,35,False,Enterprise,synthetic,planning-v2-seed-20260920
ACT-0290-1,SIM-0290,S010,2026-05-12,Discovery,45,True,Enterprise,synthetic,planning-v2-seed-20260920
ACT-0290-2,SIM-0290,S010,2026-05-29,Admin,35,True,Enterprise,synthetic,planning-v2-seed-20260920
ACT-0290-3,SIM-0290,S010,2026-06-15,Discovery,45,False,Enterprise,synthetic,planning-v2-seed-20260920
ACT-0290-4,SIM-0290,S010,2026-07-02,Admin,35,True,Enterprise,synthetic,planning-v2-seed-20260920
ACT-0290-5,SIM-0290,S010,2026-07-22,Discovery,45,True,Enterprise,synthetic,planning-v2-seed-20260920
ACT-0291-0,SIM-0291,S011,2026-01-24,Admin,35,False,Scale,synthetic,planning-v2-seed-20260920
ACT-0291-1,SIM-0291,S011,2026-02-04,Discovery,45,True,Scale,synthetic,planning-v2-seed-20260920
ACT-0291-2,SIM-0291,S011,2026-02-15,Admin,35,True,Scale,synthetic,planning-v2-seed-20260920
ACT-0291-3,SIM-0291,S011,2026-02-26,Discovery,45,False,Scale,synthetic,planning-v2-seed-20260920
ACT-0291-4,SIM-0291,S011,2026-03-09,Admin,35,True,Scale,synthetic,planning-v2-seed-20260920
ACT-0291-5,SIM-0291,S011,2026-03-28,Discovery,45,True,Scale,synthetic,planning-v2-seed-20260920
ACT-0292-0,SIM-0292,S012,2026-01-23,Admin,35,False,Growth,synthetic,planning-v2-seed-20260920
ACT-0292-1,SIM-0292,S012,2026-02-15,Discovery,45,True,Growth,synthetic,planning-v2-seed-20260920
ACT-0292-2,SIM-0292,S012,2026-03-11,Admin,35,True,Growth,synthetic,planning-v2-seed-20260920
ACT-0292-3,SIM-0292,S012,2026-04-03,Discovery,45,False,Growth,synthetic,planning-v2-seed-20260920
ACT-0292-4,SIM-0292,S012,2026-04-27,Admin,35,True,Growth,synthetic,planning-v2-seed-20260920
ACT-0292-5,SIM-0292,S012,2026-06-05,Discovery,45,True,Growth,synthetic,planning-v2-seed-20260920
ACT-0293-0,SIM-0293,S013,2026-03-30,Admin,35,False,Enterprise,synthetic,planning-v2-seed-20260920
ACT-0293-1,SIM-0293,S013,2026-04-16,Discovery,45,True,Enterprise,synthetic,planning-v2-seed-20260920
ACT-0293-2,SIM-0293,S013,2026-05-03,Admin,35,True,Enterprise,synthetic,planning-v2-seed-20260920
ACT-0293-3,SIM-0293,S013,2026-05-21,Discovery,45,False,Enterprise,synthetic,planning-v2-seed-20260920
ACT-0293-4,SIM-0293,S013,2026-06-07,Admin,35,True,Enterprise,synthetic,planning-v2-seed-20260920
ACT-0293-5,SIM-0293,S013,2026-07-13,Discovery,45,True,Enterprise,synthetic,planning-v2-seed-20260920
ACT-0294-0,SIM-0294,S014,2025-12-06,Admin,35,False,Scale,synthetic,planning-v2-seed-20260920
ACT-0294-1,SIM-0294,S014,2025-12-28,Discovery,45,True,Scale,synthetic,planning-v2-seed-20260920
ACT-0294-2,SIM-0294,S014,2026-01-19,Admin,35,True,Scale,synthetic,planning-v2-seed-20260920
ACT-0294-3,SIM-0294,S014,2026-02-11,Discovery,45,False,Scale,synthetic,planning-v2-seed-20260920
ACT-0294-4,SIM-0294,S014,2026-03-05,Admin,35,True,Scale,synthetic,planning-v2-seed-20260920
ACT-0294-5,SIM-0294,S014,2026-03-29,Discovery,45,True,Scale,synthetic,planning-v2-seed-20260920
ACT-0295-0,SIM-0295,S015,2025-12-11,Admin,35,False,Growth,synthetic,planning-v2-seed-20260920
ACT-0295-1,SIM-0295,S015,2025-12-21,Discovery,45,True,Growth,synthetic,planning-v2-seed-20260920
ACT-0295-2,SIM-0295,S015,2025-12-31,Admin,35,True,Growth,synthetic,planning-v2-seed-20260920
ACT-0295-3,SIM-0295,S015,2026-01-10,Discovery,45,False,Growth,synthetic,planning-v2-seed-20260920
ACT-0295-4,SIM-0295,S015,2026-01-20,Admin,35,True,Growth,synthetic,planning-v2-seed-20260920
ACT-0295-5,SIM-0295,S015,2026-02-15,Discovery,45,True,Growth,synthetic,planning-v2-seed-20260920
ACT-0296-0,SIM-0296,S016,2026-09-09,Admin,35,False,Enterprise,synthetic,planning-v2-seed-20260920
ACT-0296-1,SIM-0296,S016,2026-09-16,Discovery,45,True,Enterprise,synthetic,planning-v2-seed-20260920
ACT-0297-0,SIM-0297,S017,2026-01-07,Admin,35,False,Scale,synthetic,planning-v2-seed-20260920
ACT-0297-1,SIM-0297,S017,2026-01-12,Discovery,45,True,Scale,synthetic,planning-v2-seed-20260920
ACT-0297-2,SIM-0297,S017,2026-01-17,Admin,35,True,Scale,synthetic,planning-v2-seed-20260920
ACT-0297-3,SIM-0297,S017,2026-01-22,Discovery,45,False,Scale,synthetic,planning-v2-seed-20260920
ACT-0297-4,SIM-0297,S017,2026-01-27,Admin,35,True,Scale,synthetic,planning-v2-seed-20260920
ACT-0297-5,SIM-0297,S017,2026-02-02,Discovery,45,True,Scale,synthetic,planning-v2-seed-20260920
ACT-0298-0,SIM-0298,S018,2025-12-03,Admin,35,False,Growth,synthetic,planning-v2-seed-20260920
ACT-0298-1,SIM-0298,S018,2025-12-17,Discovery,45,True,Growth,synthetic,planning-v2-seed-20260920
ACT-0298-2,SIM-0298,S018,2025-12-31,Admin,35,True,Growth,synthetic,planning-v2-seed-20260920
ACT-0298-3,SIM-0298,S018,2026-01-14,Discovery,45,False,Growth,synthetic,planning-v2-seed-20260920
ACT-0298-4,SIM-0298,S018,2026-01-28,Admin,35,True,Growth,synthetic,planning-v2-seed-20260920
ACT-0298-5,SIM-0298,S018,2026-02-11,Discovery,45,True,Growth,synthetic,planning-v2-seed-20260920
ACT-0299-0,SIM-0299,S019,2026-07-28,Admin,35,False,Enterprise,synthetic,planning-v2-seed-20260920
ACT-0299-1,SIM-0299,S019,2026-08-02,Discovery,45,True,Enterprise,synthetic,planning-v2-seed-20260920
ACT-0299-2,SIM-0299,S019,2026-08-08,Admin,35,True,Enterprise,synthetic,planning-v2-seed-20260920
ACT-0299-3,SIM-0299,S019,2026-08-13,Discovery,45,False,Enterprise,synthetic,planning-v2-seed-20260920
ACT-0299-4,SIM-0299,S019,2026-08-19,Admin,35,True,Enterprise,synthetic,planning-v2-seed-20260920
ACT-0299-5,SIM-0299,S019,2026-09-05,Discovery,45,True,Enterprise,synthetic,planning-v2-seed-20260920
ACT-0300-0,SIM-0300,S020,2026-04-11,Admin,35,False,Scale,synthetic,planning-v2-seed-20260920
ACT-0300-1,SIM-0300,S020,2026-04-18,Discovery,45,True,Scale,synthetic,planning-v2-seed-20260920
ACT-0300-2,SIM-0300,S020,2026-04-25,Admin,35,True,Scale,synthetic,planning-v2-seed-20260920
ACT-0300-3,SIM-0300,S020,2026-05-03,Discovery,45,False,Scale,synthetic,planning-v2-seed-20260920
ACT-0300-4,SIM-0300,S020,2026-05-10,Admin,35,True,Scale,synthetic,planning-v2-seed-20260920
ACT-0300-5,SIM-0300,S020,2026-05-18,Discovery,45,True,Scale,synthetic,planning-v2-seed-20260920
ACT-0301-0,SIM-0301,S021,2026-05-16,Admin,35,False,Growth,synthetic,planning-v2-seed-20260920
ACT-0301-1,SIM-0301,S021,2026-06-06,Discovery,45,True,Growth,synthetic,planning-v2-seed-20260920
ACT-0301-2,SIM-0301,S021,2026-06-27,Admin,35,True,Growth,synthetic,planning-v2-seed-20260920
ACT-0301-3,SIM-0301,S021,2026-07-18,Discovery,45,False,Growth,synthetic,planning-v2-seed-20260920
ACT-0301-4,SIM-0301,S021,2026-08-08,Admin,35,True,Growth,synthetic,planning-v2-seed-20260920
ACT-0301-5,SIM-0301,S021,2026-09-04,Discovery,45,True,Growth,synthetic,planning-v2-seed-20260920
ACT-0302-0,SIM-0302,S022,2026-09-17,Admin,35,False,Enterprise,synthetic,planning-v2-seed-20260920
ACT-0303-0,SIM-0303,S023,2026-08-10,Admin,35,False,Scale,synthetic,planning-v2-seed-20260920
ACT-0303-1,SIM-0303,S023,2026-08-21,Discovery,45,True,Scale,synthetic,planning-v2-seed-20260920
ACT-0303-2,SIM-0303,S023,2026-09-02,Admin,35,True,Scale,synthetic,planning-v2-seed-20260920
ACT-0303-3,SIM-0303,S023,2026-09-14,Discovery,45,False,Scale,synthetic,planning-v2-seed-20260920
ACT-0304-0,SIM-0304,S024,2026-04-14,Admin,35,False,Growth,synthetic,planning-v2-seed-20260920
ACT-0304-1,SIM-0304,S024,2026-04-29,Discovery,45,True,Growth,synthetic,planning-v2-seed-20260920
ACT-0304-2,SIM-0304,S024,2026-05-15,Admin,35,True,Growth,synthetic,planning-v2-seed-20260920
ACT-0304-3,SIM-0304,S024,2026-05-30,Discovery,45,False,Growth,synthetic,planning-v2-seed-20260920
ACT-0304-4,SIM-0304,S024,2026-06-15,Admin,35,True,Growth,synthetic,planning-v2-seed-20260920
ACT-0304-5,SIM-0304,S024,2026-07-19,Discovery,45,True,Growth,synthetic,planning-v2-seed-20260920
ACT-0305-0,SIM-0305,S025,2026-07-04,Admin,35,False,Enterprise,synthetic,planning-v2-seed-20260920
ACT-0305-1,SIM-0305,S025,2026-07-27,Discovery,45,True,Enterprise,synthetic,planning-v2-seed-20260920
ACT-0305-2,SIM-0305,S025,2026-08-20,Admin,35,True,Enterprise,synthetic,planning-v2-seed-20260920
ACT-0305-3,SIM-0305,S025,2026-09-12,Discovery,45,False,Enterprise,synthetic,planning-v2-seed-20260920
ACT-0306-0,SIM-0306,S026,2026-07-05,Admin,35,False,Scale,synthetic,planning-v2-seed-20260920
ACT-0306-1,SIM-0306,S026,2026-07-25,Discovery,45,True,Scale,synthetic,planning-v2-seed-20260920
ACT-0306-2,SIM-0306,S026,2026-08-14,Admin,35,True,Scale,synthetic,planning-v2-seed-20260920
ACT-0306-3,SIM-0306,S026,2026-09-03,Discovery,45,False,Scale,synthetic,planning-v2-seed-20260920
ACT-0307-0,SIM-0307,S027,2026-08-29,Admin,35,False,Growth,synthetic,planning-v2-seed-20260920
ACT-0308-0,SIM-0308,S028,2026-05-25,Admin,35,False,Enterprise,synthetic,planning-v2-seed-20260920
ACT-0308-1,SIM-0308,S028,2026-06-16,Discovery,45,True,Enterprise,synthetic,planning-v2-seed-20260920
ACT-0308-2,SIM-0308,S028,2026-07-09,Admin,35,True,Enterprise,synthetic,planning-v2-seed-20260920
ACT-0308-3,SIM-0308,S028,2026-08-01,Discovery,45,False,Enterprise,synthetic,planning-v2-seed-20260920
ACT-0308-4,SIM-0308,S028,2026-08-24,Admin,35,True,Enterprise,synthetic,planning-v2-seed-20260920
ACT-0309-0,SIM-0309,S029,2026-08-06,Admin,35,False,Scale,synthetic,planning-v2-seed-20260920
ACT-0309-1,SIM-0309,S029,2026-08-28,Discovery,45,True,Scale,synthetic,planning-v2-seed-20260920
ACT-0310-0,SIM-0310,S030,2026-01-19,Admin,35,False,Growth,synthetic,planning-v2-seed-20260920
ACT-0310-1,SIM-0310,S030,2026-01-26,Discovery,45,True,Growth,synthetic,planning-v2-seed-20260920
ACT-0310-2,SIM-0310,S030,2026-02-03,Admin,35,True,Growth,synthetic,planning-v2-seed-20260920
ACT-0310-3,SIM-0310,S030,2026-02-11,Discovery,45,False,Growth,synthetic,planning-v2-seed-20260920
ACT-0310-4,SIM-0310,S030,2026-02-19,Admin,35,True,Growth,synthetic,planning-v2-seed-20260920
ACT-0310-5,SIM-0310,S030,2026-03-05,Discovery,45,True,Growth,synthetic,planning-v2-seed-20260920
ACT-0311-0,SIM-0311,S031,2026-08-29,Admin,35,False,Enterprise,synthetic,planning-v2-seed-20260920
ACT-0311-1,SIM-0311,S031,2026-09-18,Discovery,45,True,Enterprise,synthetic,planning-v2-seed-20260920
ACT-0312-0,SIM-0312,S032,2026-07-23,Admin,35,False,Scale,synthetic,planning-v2-seed-20260920
ACT-0312-1,SIM-0312,S032,2026-08-04,Discovery,45,True,Scale,synthetic,planning-v2-seed-20260920
ACT-0312-2,SIM-0312,S032,2026-08-17,Admin,35,True,Scale,synthetic,planning-v2-seed-20260920
ACT-0312-3,SIM-0312,S032,2026-08-29,Discovery,45,False,Scale,synthetic,planning-v2-seed-20260920
ACT-0312-4,SIM-0312,S032,2026-09-11,Admin,35,True,Scale,synthetic,planning-v2-seed-20260920
ACT-0313-0,SIM-0313,S033,2026-07-25,Admin,35,False,Growth,synthetic,planning-v2-seed-20260920
ACT-0313-1,SIM-0313,S033,2026-08-12,Discovery,45,True,Growth,synthetic,planning-v2-seed-20260920
ACT-0313-2,SIM-0313,S033,2026-08-31,Admin,35,True,Growth,synthetic,planning-v2-seed-20260920
ACT-0314-0,SIM-0314,S034,2026-08-28,Admin,35,False,Enterprise,synthetic,planning-v2-seed-20260920
ACT-0314-1,SIM-0314,S034,2026-09-04,Discovery,45,True,Enterprise,synthetic,planning-v2-seed-20260920
ACT-0314-2,SIM-0314,S034,2026-09-11,Admin,35,True,Enterprise,synthetic,planning-v2-seed-20260920
ACT-0315-0,SIM-0315,S035,2026-07-17,Admin,35,False,Scale,synthetic,planning-v2-seed-20260920
ACT-0315-1,SIM-0315,S035,2026-07-23,Discovery,45,True,Scale,synthetic,planning-v2-seed-20260920
ACT-0315-2,SIM-0315,S035,2026-07-29,Admin,35,True,Scale,synthetic,planning-v2-seed-20260920
ACT-0315-3,SIM-0315,S035,2026-08-04,Discovery,45,False,Scale,synthetic,planning-v2-seed-20260920
ACT-0315-4,SIM-0315,S035,2026-08-10,Admin,35,True,Scale,synthetic,planning-v2-seed-20260920
ACT-0315-5,SIM-0315,S035,2026-08-20,Discovery,45,True,Scale,synthetic,planning-v2-seed-20260920
ACT-0316-0,SIM-0316,S001,2026-01-05,Admin,35,False,Growth,synthetic,planning-v2-seed-20260920
ACT-0316-1,SIM-0316,S001,2026-01-18,Discovery,45,True,Growth,synthetic,planning-v2-seed-20260920
ACT-0316-2,SIM-0316,S001,2026-01-31,Admin,35,True,Growth,synthetic,planning-v2-seed-20260920
ACT-0316-3,SIM-0316,S001,2026-02-14,Discovery,45,False,Growth,synthetic,planning-v2-seed-20260920
ACT-0316-4,SIM-0316,S001,2026-02-27,Admin,35,True,Growth,synthetic,planning-v2-seed-20260920
ACT-0316-5,SIM-0316,S001,2026-03-08,Discovery,45,True,Growth,synthetic,planning-v2-seed-20260920
ACT-0317-0,SIM-0317,S002,2026-07-03,Admin,35,False,Enterprise,synthetic,planning-v2-seed-20260920
ACT-0317-1,SIM-0317,S002,2026-07-11,Discovery,45,True,Enterprise,synthetic,planning-v2-seed-20260920
ACT-0317-2,SIM-0317,S002,2026-07-19,Admin,35,True,Enterprise,synthetic,planning-v2-seed-20260920
ACT-0317-3,SIM-0317,S002,2026-07-27,Discovery,45,False,Enterprise,synthetic,planning-v2-seed-20260920
ACT-0317-4,SIM-0317,S002,2026-08-04,Admin,35,True,Enterprise,synthetic,planning-v2-seed-20260920
ACT-0317-5,SIM-0317,S002,2026-09-05,Discovery,45,True,Enterprise,synthetic,planning-v2-seed-20260920
ACT-0318-0,SIM-0318,S003,2026-01-08,Admin,35,False,Scale,synthetic,planning-v2-seed-20260920
ACT-0318-1,SIM-0318,S003,2026-01-14,Discovery,45,True,Scale,synthetic,planning-v2-seed-20260920
ACT-0318-2,SIM-0318,S003,2026-01-20,Admin,35,True,Scale,synthetic,planning-v2-seed-20260920
ACT-0318-3,SIM-0318,S003,2026-01-27,Discovery,45,False,Scale,synthetic,planning-v2-seed-20260920
ACT-0318-4,SIM-0318,S003,2026-02-02,Admin,35,True,Scale,synthetic,planning-v2-seed-20260920
ACT-0318-5,SIM-0318,S003,2026-02-12,Discovery,45,True,Scale,synthetic,planning-v2-seed-20260920
ACT-0319-0,SIM-0319,S004,2026-03-28,Admin,35,False,Growth,synthetic,planning-v2-seed-20260920
ACT-0319-1,SIM-0319,S004,2026-04-12,Discovery,45,True,Growth,synthetic,planning-v2-seed-20260920
ACT-0319-2,SIM-0319,S004,2026-04-27,Admin,35,True,Growth,synthetic,planning-v2-seed-20260920
ACT-0319-3,SIM-0319,S004,2026-05-13,Discovery,45,False,Growth,synthetic,planning-v2-seed-20260920
ACT-0319-4,SIM-0319,S004,2026-05-28,Admin,35,True,Growth,synthetic,planning-v2-seed-20260920
ACT-0319-5,SIM-0319,S004,2026-07-07,Discovery,45,True,Growth,synthetic,planning-v2-seed-20260920
ACT-0320-0,SIM-0320,S005,2026-01-25,Admin,35,False,Enterprise,synthetic,planning-v2-seed-20260920
ACT-0320-1,SIM-0320,S005,2026-02-09,Discovery,45,True,Enterprise,synthetic,planning-v2-seed-20260920
ACT-0320-2,SIM-0320,S005,2026-02-24,Admin,35,True,Enterprise,synthetic,planning-v2-seed-20260920
ACT-0320-3,SIM-0320,S005,2026-03-11,Discovery,45,False,Enterprise,synthetic,planning-v2-seed-20260920
ACT-0320-4,SIM-0320,S005,2026-03-26,Admin,35,True,Enterprise,synthetic,planning-v2-seed-20260920
ACT-0320-5,SIM-0320,S005,2026-04-07,Discovery,45,True,Enterprise,synthetic,planning-v2-seed-20260920
ACT-0321-0,SIM-0321,S006,2025-12-27,Admin,35,False,Scale,synthetic,planning-v2-seed-20260920
ACT-0321-1,SIM-0321,S006,2026-01-04,Discovery,45,True,Scale,synthetic,planning-v2-seed-20260920
ACT-0321-2,SIM-0321,S006,2026-01-12,Admin,35,True,Scale,synthetic,planning-v2-seed-20260920
ACT-0321-3,SIM-0321,S006,2026-01-21,Discovery,45,False,Scale,synthetic,planning-v2-seed-20260920
ACT-0321-4,SIM-0321,S006,2026-01-29,Admin,35,True,Scale,synthetic,planning-v2-seed-20260920
ACT-0321-5,SIM-0321,S006,2026-02-04,Discovery,45,True,Scale,synthetic,planning-v2-seed-20260920
ACT-0322-0,SIM-0322,S007,2026-05-15,Admin,35,False,Growth,synthetic,planning-v2-seed-20260920
ACT-0322-1,SIM-0322,S007,2026-05-22,Discovery,45,True,Growth,synthetic,planning-v2-seed-20260920
ACT-0322-2,SIM-0322,S007,2026-05-29,Admin,35,True,Growth,synthetic,planning-v2-seed-20260920
ACT-0322-3,SIM-0322,S007,2026-06-06,Discovery,45,False,Growth,synthetic,planning-v2-seed-20260920
ACT-0322-4,SIM-0322,S007,2026-06-13,Admin,35,True,Growth,synthetic,planning-v2-seed-20260920
ACT-0322-5,SIM-0322,S007,2026-06-17,Discovery,45,True,Growth,synthetic,planning-v2-seed-20260920
ACT-0323-0,SIM-0323,S008,2026-07-07,Admin,35,False,Enterprise,synthetic,planning-v2-seed-20260920
ACT-0323-1,SIM-0323,S008,2026-07-19,Discovery,45,True,Enterprise,synthetic,planning-v2-seed-20260920
ACT-0323-2,SIM-0323,S008,2026-07-31,Admin,35,True,Enterprise,synthetic,planning-v2-seed-20260920
ACT-0323-3,SIM-0323,S008,2026-08-12,Discovery,45,False,Enterprise,synthetic,planning-v2-seed-20260920
ACT-0323-4,SIM-0323,S008,2026-08-24,Admin,35,True,Enterprise,synthetic,planning-v2-seed-20260920
ACT-0324-0,SIM-0324,S009,2026-01-24,Admin,35,False,Scale,synthetic,planning-v2-seed-20260920
ACT-0324-1,SIM-0324,S009,2026-01-30,Discovery,45,True,Scale,synthetic,planning-v2-seed-20260920
ACT-0324-2,SIM-0324,S009,2026-02-05,Admin,35,True,Scale,synthetic,planning-v2-seed-20260920
ACT-0324-3,SIM-0324,S009,2026-02-12,Discovery,45,False,Scale,synthetic,planning-v2-seed-20260920
ACT-0324-4,SIM-0324,S009,2026-02-18,Admin,35,True,Scale,synthetic,planning-v2-seed-20260920
ACT-0324-5,SIM-0324,S009,2026-02-27,Discovery,45,True,Scale,synthetic,planning-v2-seed-20260920
ACT-0325-0,SIM-0325,S010,2025-12-24,Admin,35,False,Growth,synthetic,planning-v2-seed-20260920
ACT-0325-1,SIM-0325,S010,2026-01-10,Discovery,45,True,Growth,synthetic,planning-v2-seed-20260920
ACT-0325-2,SIM-0325,S010,2026-01-27,Admin,35,True,Growth,synthetic,planning-v2-seed-20260920
ACT-0325-3,SIM-0325,S010,2026-02-13,Discovery,45,False,Growth,synthetic,planning-v2-seed-20260920
ACT-0325-4,SIM-0325,S010,2026-03-02,Admin,35,True,Growth,synthetic,planning-v2-seed-20260920
ACT-0325-5,SIM-0325,S010,2026-04-04,Discovery,45,True,Growth,synthetic,planning-v2-seed-20260920
ACT-0326-0,SIM-0326,S011,2026-03-16,Admin,35,False,Enterprise,synthetic,planning-v2-seed-20260920
ACT-0326-1,SIM-0326,S011,2026-03-23,Discovery,45,True,Enterprise,synthetic,planning-v2-seed-20260920
ACT-0326-2,SIM-0326,S011,2026-03-30,Admin,35,True,Enterprise,synthetic,planning-v2-seed-20260920
ACT-0326-3,SIM-0326,S011,2026-04-06,Discovery,45,False,Enterprise,synthetic,planning-v2-seed-20260920
ACT-0326-4,SIM-0326,S011,2026-04-13,Admin,35,True,Enterprise,synthetic,planning-v2-seed-20260920
ACT-0326-5,SIM-0326,S011,2026-04-28,Discovery,45,True,Enterprise,synthetic,planning-v2-seed-20260920
ACT-0327-0,SIM-0327,S012,2026-05-28,Admin,35,False,Scale,synthetic,planning-v2-seed-20260920
ACT-0327-1,SIM-0327,S012,2026-06-02,Discovery,45,True,Scale,synthetic,planning-v2-seed-20260920
ACT-0327-2,SIM-0327,S012,2026-06-07,Admin,35,True,Scale,synthetic,planning-v2-seed-20260920
ACT-0327-3,SIM-0327,S012,2026-06-13,Discovery,45,False,Scale,synthetic,planning-v2-seed-20260920
ACT-0327-4,SIM-0327,S012,2026-06-18,Admin,35,True,Scale,synthetic,planning-v2-seed-20260920
ACT-0327-5,SIM-0327,S012,2026-07-07,Discovery,45,True,Scale,synthetic,planning-v2-seed-20260920
ACT-0328-0,SIM-0328,S013,2026-02-18,Admin,35,False,Growth,synthetic,planning-v2-seed-20260920
ACT-0328-1,SIM-0328,S013,2026-03-04,Discovery,45,True,Growth,synthetic,planning-v2-seed-20260920
ACT-0328-2,SIM-0328,S013,2026-03-19,Admin,35,True,Growth,synthetic,planning-v2-seed-20260920
ACT-0328-3,SIM-0328,S013,2026-04-02,Discovery,45,False,Growth,synthetic,planning-v2-seed-20260920
ACT-0328-4,SIM-0328,S013,2026-04-17,Admin,35,True,Growth,synthetic,planning-v2-seed-20260920
ACT-0328-5,SIM-0328,S013,2026-05-01,Discovery,45,True,Growth,synthetic,planning-v2-seed-20260920
ACT-0329-0,SIM-0329,S014,2026-03-13,Admin,35,False,Enterprise,synthetic,planning-v2-seed-20260920
ACT-0329-1,SIM-0329,S014,2026-04-05,Discovery,45,True,Enterprise,synthetic,planning-v2-seed-20260920
ACT-0329-2,SIM-0329,S014,2026-04-29,Admin,35,True,Enterprise,synthetic,planning-v2-seed-20260920
ACT-0329-3,SIM-0329,S014,2026-05-23,Discovery,45,False,Enterprise,synthetic,planning-v2-seed-20260920
ACT-0329-4,SIM-0329,S014,2026-06-16,Admin,35,True,Enterprise,synthetic,planning-v2-seed-20260920
ACT-0329-5,SIM-0329,S014,2026-08-03,Discovery,45,True,Enterprise,synthetic,planning-v2-seed-20260920
ACT-0330-0,SIM-0330,S015,2026-01-01,Admin,35,False,Scale,synthetic,planning-v2-seed-20260920
ACT-0330-1,SIM-0330,S015,2026-01-22,Discovery,45,True,Scale,synthetic,planning-v2-seed-20260920
ACT-0330-2,SIM-0330,S015,2026-02-12,Admin,35,True,Scale,synthetic,planning-v2-seed-20260920
ACT-0330-3,SIM-0330,S015,2026-03-05,Discovery,45,False,Scale,synthetic,planning-v2-seed-20260920
ACT-0330-4,SIM-0330,S015,2026-03-26,Admin,35,True,Scale,synthetic,planning-v2-seed-20260920
ACT-0330-5,SIM-0330,S015,2026-04-29,Discovery,45,True,Scale,synthetic,planning-v2-seed-20260920
ACT-0331-0,SIM-0331,S016,2026-07-21,Admin,35,False,Growth,synthetic,planning-v2-seed-20260920
ACT-0331-1,SIM-0331,S016,2026-08-10,Discovery,45,True,Growth,synthetic,planning-v2-seed-20260920
ACT-0331-2,SIM-0331,S016,2026-08-30,Admin,35,True,Growth,synthetic,planning-v2-seed-20260920
ACT-0332-0,SIM-0332,S017,2026-08-09,Admin,35,False,Enterprise,synthetic,planning-v2-seed-20260920
ACT-0332-1,SIM-0332,S017,2026-08-20,Discovery,45,True,Enterprise,synthetic,planning-v2-seed-20260920
ACT-0332-2,SIM-0332,S017,2026-09-01,Admin,35,True,Enterprise,synthetic,planning-v2-seed-20260920
ACT-0332-3,SIM-0332,S017,2026-09-13,Discovery,45,False,Enterprise,synthetic,planning-v2-seed-20260920
ACT-0333-0,SIM-0333,S018,2026-02-14,Admin,35,False,Scale,synthetic,planning-v2-seed-20260920
ACT-0333-1,SIM-0333,S018,2026-02-27,Discovery,45,True,Scale,synthetic,planning-v2-seed-20260920
ACT-0333-2,SIM-0333,S018,2026-03-13,Admin,35,True,Scale,synthetic,planning-v2-seed-20260920
ACT-0333-3,SIM-0333,S018,2026-03-26,Discovery,45,False,Scale,synthetic,planning-v2-seed-20260920
ACT-0333-4,SIM-0333,S018,2026-04-09,Admin,35,True,Scale,synthetic,planning-v2-seed-20260920
ACT-0333-5,SIM-0333,S018,2026-05-15,Discovery,45,True,Scale,synthetic,planning-v2-seed-20260920
ACT-0334-0,SIM-0334,S019,2026-01-03,Admin,35,False,Growth,synthetic,planning-v2-seed-20260920
ACT-0334-1,SIM-0334,S019,2026-01-12,Discovery,45,True,Growth,synthetic,planning-v2-seed-20260920
ACT-0334-2,SIM-0334,S019,2026-01-21,Admin,35,True,Growth,synthetic,planning-v2-seed-20260920
ACT-0334-3,SIM-0334,S019,2026-01-30,Discovery,45,False,Growth,synthetic,planning-v2-seed-20260920
ACT-0334-4,SIM-0334,S019,2026-02-08,Admin,35,True,Growth,synthetic,planning-v2-seed-20260920
ACT-0334-5,SIM-0334,S019,2026-02-21,Discovery,45,True,Growth,synthetic,planning-v2-seed-20260920
ACT-0335-0,SIM-0335,S020,2026-07-31,Admin,35,False,Enterprise,synthetic,planning-v2-seed-20260920
ACT-0335-1,SIM-0335,S020,2026-08-23,Discovery,45,True,Enterprise,synthetic,planning-v2-seed-20260920
ACT-0335-2,SIM-0335,S020,2026-09-15,Admin,35,True,Enterprise,synthetic,planning-v2-seed-20260920
ACT-0336-0,SIM-0336,S021,2026-09-13,Admin,35,False,Scale,synthetic,planning-v2-seed-20260920
ACT-0337-0,SIM-0337,S022,2025-12-22,Admin,35,False,Growth,synthetic,planning-v2-seed-20260920
ACT-0337-1,SIM-0337,S022,2026-01-01,Discovery,45,True,Growth,synthetic,planning-v2-seed-20260920
ACT-0337-2,SIM-0337,S022,2026-01-11,Admin,35,True,Growth,synthetic,planning-v2-seed-20260920
ACT-0337-3,SIM-0337,S022,2026-01-22,Discovery,45,False,Growth,synthetic,planning-v2-seed-20260920
ACT-0337-4,SIM-0337,S022,2026-02-01,Admin,35,True,Growth,synthetic,planning-v2-seed-20260920
ACT-0337-5,SIM-0337,S022,2026-03-02,Discovery,45,True,Growth,synthetic,planning-v2-seed-20260920
ACT-0338-0,SIM-0338,S023,2026-08-05,Admin,35,False,Enterprise,synthetic,planning-v2-seed-20260920
ACT-0338-1,SIM-0338,S023,2026-08-19,Discovery,45,True,Enterprise,synthetic,planning-v2-seed-20260920
ACT-0338-2,SIM-0338,S023,2026-09-03,Admin,35,True,Enterprise,synthetic,planning-v2-seed-20260920
ACT-0338-3,SIM-0338,S023,2026-09-18,Discovery,45,False,Enterprise,synthetic,planning-v2-seed-20260920
ACT-0339-0,SIM-0339,S024,2026-03-22,Admin,35,False,Scale,synthetic,planning-v2-seed-20260920
ACT-0339-1,SIM-0339,S024,2026-04-07,Discovery,45,True,Scale,synthetic,planning-v2-seed-20260920
ACT-0339-2,SIM-0339,S024,2026-04-23,Admin,35,True,Scale,synthetic,planning-v2-seed-20260920
ACT-0339-3,SIM-0339,S024,2026-05-09,Discovery,45,False,Scale,synthetic,planning-v2-seed-20260920
ACT-0339-4,SIM-0339,S024,2026-05-25,Admin,35,True,Scale,synthetic,planning-v2-seed-20260920
ACT-0339-5,SIM-0339,S024,2026-06-14,Discovery,45,True,Scale,synthetic,planning-v2-seed-20260920
ACT-0340-0,SIM-0340,S025,2026-04-16,Admin,35,False,Growth,synthetic,planning-v2-seed-20260920
ACT-0340-1,SIM-0340,S025,2026-05-04,Discovery,45,True,Growth,synthetic,planning-v2-seed-20260920
ACT-0340-2,SIM-0340,S025,2026-05-22,Admin,35,True,Growth,synthetic,planning-v2-seed-20260920
ACT-0340-3,SIM-0340,S025,2026-06-10,Discovery,45,False,Growth,synthetic,planning-v2-seed-20260920
ACT-0340-4,SIM-0340,S025,2026-06-28,Admin,35,True,Growth,synthetic,planning-v2-seed-20260920
ACT-0340-5,SIM-0340,S025,2026-07-15,Discovery,45,True,Growth,synthetic,planning-v2-seed-20260920
ACT-0341-0,SIM-0341,S026,2026-08-14,Admin,35,False,Growth,synthetic,planning-v2-seed-20260920
ACT-0341-1,SIM-0341,S026,2026-09-01,Discovery,45,True,Growth,synthetic,planning-v2-seed-20260920
ACT-0342-0,SIM-0342,S027,2026-08-28,Admin,35,False,Enterprise,synthetic,planning-v2-seed-20260920
ACT-0343-0,SIM-0343,S028,2026-05-06,Admin,35,False,Scale,synthetic,planning-v2-seed-20260920
ACT-0343-1,SIM-0343,S028,2026-05-15,Discovery,45,True,Scale,synthetic,planning-v2-seed-20260920
ACT-0343-2,SIM-0343,S028,2026-05-24,Admin,35,True,Scale,synthetic,planning-v2-seed-20260920
ACT-0343-3,SIM-0343,S028,2026-06-03,Discovery,45,False,Scale,synthetic,planning-v2-seed-20260920
ACT-0343-4,SIM-0343,S028,2026-06-12,Admin,35,True,Scale,synthetic,planning-v2-seed-20260920
ACT-0343-5,SIM-0343,S028,2026-07-07,Discovery,45,True,Scale,synthetic,planning-v2-seed-20260920
ACT-0344-0,SIM-0344,S029,2025-12-21,Admin,35,False,Growth,synthetic,planning-v2-seed-20260920
ACT-0344-1,SIM-0344,S029,2026-01-11,Discovery,45,True,Growth,synthetic,planning-v2-seed-20260920
ACT-0344-2,SIM-0344,S029,2026-02-02,Admin,35,True,Growth,synthetic,planning-v2-seed-20260920
ACT-0344-3,SIM-0344,S029,2026-02-23,Discovery,45,False,Growth,synthetic,planning-v2-seed-20260920
ACT-0344-4,SIM-0344,S029,2026-03-17,Admin,35,True,Growth,synthetic,planning-v2-seed-20260920
ACT-0344-5,SIM-0344,S029,2026-05-02,Discovery,45,True,Growth,synthetic,planning-v2-seed-20260920
ACT-0345-0,SIM-0345,S030,2026-04-04,Admin,35,False,Enterprise,synthetic,planning-v2-seed-20260920
ACT-0345-1,SIM-0345,S030,2026-04-13,Discovery,45,True,Enterprise,synthetic,planning-v2-seed-20260920
ACT-0345-2,SIM-0345,S030,2026-04-23,Admin,35,True,Enterprise,synthetic,planning-v2-seed-20260920
ACT-0345-3,SIM-0345,S030,2026-05-03,Discovery,45,False,Enterprise,synthetic,planning-v2-seed-20260920
ACT-0345-4,SIM-0345,S030,2026-05-13,Admin,35,True,Enterprise,synthetic,planning-v2-seed-20260920
ACT-0345-5,SIM-0345,S030,2026-06-08,Discovery,45,True,Enterprise,synthetic,planning-v2-seed-20260920
ACT-0346-0,SIM-0346,S031,2026-07-05,Admin,35,False,Scale,synthetic,planning-v2-seed-20260920
ACT-0346-1,SIM-0346,S031,2026-07-18,Discovery,45,True,Scale,synthetic,planning-v2-seed-20260920
ACT-0346-2,SIM-0346,S031,2026-07-31,Admin,35,True,Scale,synthetic,planning-v2-seed-20260920
ACT-0346-3,SIM-0346,S031,2026-08-13,Discovery,45,False,Scale,synthetic,planning-v2-seed-20260920
ACT-0346-4,SIM-0346,S031,2026-08-26,Admin,35,True,Scale,synthetic,planning-v2-seed-20260920
ACT-0346-5,SIM-0346,S031,2026-09-10,Discovery,45,True,Scale,synthetic,planning-v2-seed-20260920
ACT-0347-0,SIM-0347,S032,2026-09-11,Admin,35,False,Growth,synthetic,planning-v2-seed-20260920
ACT-0348-0,SIM-0348,S033,2026-09-14,Admin,35,False,Enterprise,synthetic,planning-v2-seed-20260920
ACT-0349-0,SIM-0349,S034,2026-08-30,Admin,35,False,Scale,synthetic,planning-v2-seed-20260920
ACT-0349-1,SIM-0349,S034,2026-09-18,Discovery,45,True,Scale,synthetic,planning-v2-seed-20260920
ACT-0350-0,SIM-0350,S035,2026-09-09,Admin,35,False,Growth,synthetic,planning-v2-seed-20260920
ACT-0351-0,SIM-0351,S001,2026-01-08,Admin,35,False,Enterprise,synthetic,planning-v2-seed-20260920
ACT-0351-1,SIM-0351,S001,2026-01-19,Discovery,45,True,Enterprise,synthetic,planning-v2-seed-20260920
ACT-0351-2,SIM-0351,S001,2026-01-31,Admin,35,True,Enterprise,synthetic,planning-v2-seed-20260920
ACT-0351-3,SIM-0351,S001,2026-02-12,Discovery,45,False,Enterprise,synthetic,planning-v2-seed-20260920
ACT-0351-4,SIM-0351,S001,2026-02-24,Admin,35,True,Enterprise,synthetic,planning-v2-seed-20260920
ACT-0351-5,SIM-0351,S001,2026-03-03,Discovery,45,True,Enterprise,synthetic,planning-v2-seed-20260920
ACT-0352-0,SIM-0352,S002,2026-04-10,Admin,35,False,Scale,synthetic,planning-v2-seed-20260920
ACT-0352-1,SIM-0352,S002,2026-05-01,Discovery,45,True,Scale,synthetic,planning-v2-seed-20260920
ACT-0352-2,SIM-0352,S002,2026-05-22,Admin,35,True,Scale,synthetic,planning-v2-seed-20260920
ACT-0352-3,SIM-0352,S002,2026-06-12,Discovery,45,False,Scale,synthetic,planning-v2-seed-20260920
ACT-0352-4,SIM-0352,S002,2026-07-03,Admin,35,True,Scale,synthetic,planning-v2-seed-20260920
ACT-0352-5,SIM-0352,S002,2026-08-03,Discovery,45,True,Scale,synthetic,planning-v2-seed-20260920
ACT-0353-0,SIM-0353,S003,2026-05-17,Admin,35,False,Growth,synthetic,planning-v2-seed-20260920
ACT-0353-1,SIM-0353,S003,2026-05-27,Discovery,45,True,Growth,synthetic,planning-v2-seed-20260920
ACT-0353-2,SIM-0353,S003,2026-06-07,Admin,35,True,Growth,synthetic,planning-v2-seed-20260920
ACT-0353-3,SIM-0353,S003,2026-06-17,Discovery,45,False,Growth,synthetic,planning-v2-seed-20260920
ACT-0353-4,SIM-0353,S003,2026-06-28,Admin,35,True,Growth,synthetic,planning-v2-seed-20260920
ACT-0353-5,SIM-0353,S003,2026-07-07,Discovery,45,True,Growth,synthetic,planning-v2-seed-20260920
ACT-0354-0,SIM-0354,S004,2026-04-01,Admin,35,False,Enterprise,synthetic,planning-v2-seed-20260920
ACT-0354-1,SIM-0354,S004,2026-04-17,Discovery,45,True,Enterprise,synthetic,planning-v2-seed-20260920
ACT-0354-2,SIM-0354,S004,2026-05-04,Admin,35,True,Enterprise,synthetic,planning-v2-seed-20260920
ACT-0354-3,SIM-0354,S004,2026-05-20,Discovery,45,False,Enterprise,synthetic,planning-v2-seed-20260920
ACT-0354-4,SIM-0354,S004,2026-06-06,Admin,35,True,Enterprise,synthetic,planning-v2-seed-20260920
ACT-0354-5,SIM-0354,S004,2026-07-02,Discovery,45,True,Enterprise,synthetic,planning-v2-seed-20260920
ACT-0355-0,SIM-0355,S005,2025-12-06,Admin,35,False,Scale,synthetic,planning-v2-seed-20260920
ACT-0355-1,SIM-0355,S005,2025-12-15,Discovery,45,True,Scale,synthetic,planning-v2-seed-20260920
ACT-0355-2,SIM-0355,S005,2025-12-24,Admin,35,True,Scale,synthetic,planning-v2-seed-20260920
ACT-0355-3,SIM-0355,S005,2026-01-02,Discovery,45,False,Scale,synthetic,planning-v2-seed-20260920
ACT-0355-4,SIM-0355,S005,2026-01-11,Admin,35,True,Scale,synthetic,planning-v2-seed-20260920
ACT-0355-5,SIM-0355,S005,2026-01-28,Discovery,45,True,Scale,synthetic,planning-v2-seed-20260920
ACT-0356-0,SIM-0356,S006,2025-12-23,Admin,35,False,Growth,synthetic,planning-v2-seed-20260920
ACT-0356-1,SIM-0356,S006,2026-01-04,Discovery,45,True,Growth,synthetic,planning-v2-seed-20260920
ACT-0356-2,SIM-0356,S006,2026-01-16,Admin,35,True,Growth,synthetic,planning-v2-seed-20260920
ACT-0356-3,SIM-0356,S006,2026-01-29,Discovery,45,False,Growth,synthetic,planning-v2-seed-20260920
ACT-0356-4,SIM-0356,S006,2026-02-10,Admin,35,True,Growth,synthetic,planning-v2-seed-20260920
ACT-0356-5,SIM-0356,S006,2026-03-14,Discovery,45,True,Growth,synthetic,planning-v2-seed-20260920
ACT-0357-0,SIM-0357,S007,2026-01-26,Admin,35,False,Enterprise,synthetic,planning-v2-seed-20260920
ACT-0357-1,SIM-0357,S007,2026-02-01,Discovery,45,True,Enterprise,synthetic,planning-v2-seed-20260920
ACT-0357-2,SIM-0357,S007,2026-02-08,Admin,35,True,Enterprise,synthetic,planning-v2-seed-20260920
ACT-0357-3,SIM-0357,S007,2026-02-14,Discovery,45,False,Enterprise,synthetic,planning-v2-seed-20260920
ACT-0357-4,SIM-0357,S007,2026-02-21,Admin,35,True,Enterprise,synthetic,planning-v2-seed-20260920
ACT-0357-5,SIM-0357,S007,2026-03-05,Discovery,45,True,Enterprise,synthetic,planning-v2-seed-20260920
ACT-0358-0,SIM-0358,S008,2026-03-29,Admin,35,False,Scale,synthetic,planning-v2-seed-20260920
ACT-0358-1,SIM-0358,S008,2026-04-21,Discovery,45,True,Scale,synthetic,planning-v2-seed-20260920
ACT-0358-2,SIM-0358,S008,2026-05-14,Admin,35,True,Scale,synthetic,planning-v2-seed-20260920
ACT-0358-3,SIM-0358,S008,2026-06-07,Discovery,45,False,Scale,synthetic,planning-v2-seed-20260920
ACT-0358-4,SIM-0358,S008,2026-06-30,Admin,35,True,Scale,synthetic,planning-v2-seed-20260920
ACT-0358-5,SIM-0358,S008,2026-08-04,Discovery,45,True,Scale,synthetic,planning-v2-seed-20260920
ACT-0359-0,SIM-0359,S009,2026-03-20,Admin,35,False,Growth,synthetic,planning-v2-seed-20260920
ACT-0359-1,SIM-0359,S009,2026-03-25,Discovery,45,True,Growth,synthetic,planning-v2-seed-20260920
ACT-0359-2,SIM-0359,S009,2026-03-30,Admin,35,True,Growth,synthetic,planning-v2-seed-20260920
ACT-0359-3,SIM-0359,S009,2026-04-05,Discovery,45,False,Growth,synthetic,planning-v2-seed-20260920
ACT-0359-4,SIM-0359,S009,2026-04-10,Admin,35,True,Growth,synthetic,planning-v2-seed-20260920
ACT-0359-5,SIM-0359,S009,2026-04-26,Discovery,45,True,Growth,synthetic,planning-v2-seed-20260920
ACT-0360-0,SIM-0360,S010,2026-09-18,Admin,35,False,Enterprise,synthetic,planning-v2-seed-20260920
ACT-0361-0,SIM-0361,S011,2026-01-22,Admin,35,False,Scale,synthetic,planning-v2-seed-20260920
ACT-0361-1,SIM-0361,S011,2026-02-06,Discovery,45,True,Scale,synthetic,planning-v2-seed-20260920
ACT-0361-2,SIM-0361,S011,2026-02-21,Admin,35,True,Scale,synthetic,planning-v2-seed-20260920
ACT-0361-3,SIM-0361,S011,2026-03-09,Discovery,45,False,Scale,synthetic,planning-v2-seed-20260920
ACT-0361-4,SIM-0361,S011,2026-03-24,Admin,35,True,Scale,synthetic,planning-v2-seed-20260920
ACT-0361-5,SIM-0361,S011,2026-04-10,Discovery,45,True,Scale,synthetic,planning-v2-seed-20260920
ACT-0362-0,SIM-0362,S012,2026-06-23,Admin,35,False,Growth,synthetic,planning-v2-seed-20260920
ACT-0362-1,SIM-0362,S012,2026-07-15,Discovery,45,True,Growth,synthetic,planning-v2-seed-20260920
ACT-0362-2,SIM-0362,S012,2026-08-06,Admin,35,True,Growth,synthetic,planning-v2-seed-20260920
ACT-0362-3,SIM-0362,S012,2026-08-28,Discovery,45,False,Growth,synthetic,planning-v2-seed-20260920
ACT-0363-0,SIM-0363,S013,2026-06-01,Admin,35,False,Enterprise,synthetic,planning-v2-seed-20260920
ACT-0363-1,SIM-0363,S013,2026-06-21,Discovery,45,True,Enterprise,synthetic,planning-v2-seed-20260920
ACT-0363-2,SIM-0363,S013,2026-07-11,Admin,35,True,Enterprise,synthetic,planning-v2-seed-20260920
ACT-0363-3,SIM-0363,S013,2026-07-31,Discovery,45,False,Enterprise,synthetic,planning-v2-seed-20260920
ACT-0363-4,SIM-0363,S013,2026-08-20,Admin,35,True,Enterprise,synthetic,planning-v2-seed-20260920
ACT-0364-0,SIM-0364,S014,2026-06-24,Admin,35,False,Scale,synthetic,planning-v2-seed-20260920
ACT-0364-1,SIM-0364,S014,2026-07-12,Discovery,45,True,Scale,synthetic,planning-v2-seed-20260920
ACT-0364-2,SIM-0364,S014,2026-07-30,Admin,35,True,Scale,synthetic,planning-v2-seed-20260920
ACT-0364-3,SIM-0364,S014,2026-08-17,Discovery,45,False,Scale,synthetic,planning-v2-seed-20260920
ACT-0364-4,SIM-0364,S014,2026-09-04,Admin,35,True,Scale,synthetic,planning-v2-seed-20260920
ACT-0365-0,SIM-0365,S015,2026-06-04,Admin,35,False,Growth,synthetic,planning-v2-seed-20260920
ACT-0365-1,SIM-0365,S015,2026-06-21,Discovery,45,True,Growth,synthetic,planning-v2-seed-20260920
ACT-0365-2,SIM-0365,S015,2026-07-08,Admin,35,True,Growth,synthetic,planning-v2-seed-20260920
ACT-0365-3,SIM-0365,S015,2026-07-26,Discovery,45,False,Growth,synthetic,planning-v2-seed-20260920
ACT-0365-4,SIM-0365,S015,2026-08-12,Admin,35,True,Growth,synthetic,planning-v2-seed-20260920
ACT-0365-5,SIM-0365,S015,2026-09-13,Discovery,45,True,Growth,synthetic,planning-v2-seed-20260920
ACT-0366-0,SIM-0366,S016,2026-07-15,Admin,35,False,Enterprise,synthetic,planning-v2-seed-20260920
ACT-0366-1,SIM-0366,S016,2026-07-21,Discovery,45,True,Enterprise,synthetic,planning-v2-seed-20260920
ACT-0366-2,SIM-0366,S016,2026-07-27,Admin,35,True,Enterprise,synthetic,planning-v2-seed-20260920
ACT-0366-3,SIM-0366,S016,2026-08-02,Discovery,45,False,Enterprise,synthetic,planning-v2-seed-20260920
ACT-0366-4,SIM-0366,S016,2026-08-08,Admin,35,True,Enterprise,synthetic,planning-v2-seed-20260920
ACT-0366-5,SIM-0366,S016,2026-08-21,Discovery,45,True,Enterprise,synthetic,planning-v2-seed-20260920
ACT-0367-0,SIM-0367,S017,2026-03-05,Admin,35,False,Scale,synthetic,planning-v2-seed-20260920
ACT-0367-1,SIM-0367,S017,2026-03-15,Discovery,45,True,Scale,synthetic,planning-v2-seed-20260920
ACT-0367-2,SIM-0367,S017,2026-03-26,Admin,35,True,Scale,synthetic,planning-v2-seed-20260920
ACT-0367-3,SIM-0367,S017,2026-04-05,Discovery,45,False,Scale,synthetic,planning-v2-seed-20260920
ACT-0367-4,SIM-0367,S017,2026-04-16,Admin,35,True,Scale,synthetic,planning-v2-seed-20260920
ACT-0367-5,SIM-0367,S017,2026-05-09,Discovery,45,True,Scale,synthetic,planning-v2-seed-20260920
ACT-0368-0,SIM-0368,S018,2026-07-07,Admin,35,False,Growth,synthetic,planning-v2-seed-20260920
ACT-0368-1,SIM-0368,S018,2026-07-25,Discovery,45,True,Growth,synthetic,planning-v2-seed-20260920
ACT-0368-2,SIM-0368,S018,2026-08-13,Admin,35,True,Growth,synthetic,planning-v2-seed-20260920
ACT-0368-3,SIM-0368,S018,2026-08-31,Discovery,45,False,Growth,synthetic,planning-v2-seed-20260920
ACT-0369-0,SIM-0369,S019,2026-02-22,Admin,35,False,Enterprise,synthetic,planning-v2-seed-20260920
ACT-0369-1,SIM-0369,S019,2026-03-13,Discovery,45,True,Enterprise,synthetic,planning-v2-seed-20260920
ACT-0369-2,SIM-0369,S019,2026-04-01,Admin,35,True,Enterprise,synthetic,planning-v2-seed-20260920
ACT-0369-3,SIM-0369,S019,2026-04-21,Discovery,45,False,Enterprise,synthetic,planning-v2-seed-20260920
ACT-0369-4,SIM-0369,S019,2026-05-10,Admin,35,True,Enterprise,synthetic,planning-v2-seed-20260920
ACT-0369-5,SIM-0369,S019,2026-05-28,Discovery,45,True,Enterprise,synthetic,planning-v2-seed-20260920
ACT-0370-0,SIM-0370,S020,2026-06-13,Admin,35,False,Scale,synthetic,planning-v2-seed-20260920
ACT-0370-1,SIM-0370,S020,2026-07-01,Discovery,45,True,Scale,synthetic,planning-v2-seed-20260920
ACT-0370-2,SIM-0370,S020,2026-07-20,Admin,35,True,Scale,synthetic,planning-v2-seed-20260920
ACT-0370-3,SIM-0370,S020,2026-08-08,Discovery,45,False,Scale,synthetic,planning-v2-seed-20260920
ACT-0370-4,SIM-0370,S020,2026-08-27,Admin,35,True,Scale,synthetic,planning-v2-seed-20260920
ACT-0370-5,SIM-0370,S020,2026-09-10,Discovery,45,True,Scale,synthetic,planning-v2-seed-20260920
ACT-0371-0,SIM-0371,S021,2026-03-17,Admin,35,False,Growth,synthetic,planning-v2-seed-20260920
ACT-0371-1,SIM-0371,S021,2026-04-10,Discovery,45,True,Growth,synthetic,planning-v2-seed-20260920
ACT-0371-2,SIM-0371,S021,2026-05-04,Admin,35,True,Growth,synthetic,planning-v2-seed-20260920
ACT-0371-3,SIM-0371,S021,2026-05-28,Discovery,45,False,Growth,synthetic,planning-v2-seed-20260920
ACT-0371-4,SIM-0371,S021,2026-06-21,Admin,35,True,Growth,synthetic,planning-v2-seed-20260920
ACT-0371-5,SIM-0371,S021,2026-07-25,Discovery,45,True,Growth,synthetic,planning-v2-seed-20260920
ACT-0372-0,SIM-0372,S022,2026-04-13,Admin,35,False,Enterprise,synthetic,planning-v2-seed-20260920
ACT-0372-1,SIM-0372,S022,2026-05-01,Discovery,45,True,Enterprise,synthetic,planning-v2-seed-20260920
ACT-0372-2,SIM-0372,S022,2026-05-20,Admin,35,True,Enterprise,synthetic,planning-v2-seed-20260920
ACT-0372-3,SIM-0372,S022,2026-06-07,Discovery,45,False,Enterprise,synthetic,planning-v2-seed-20260920
ACT-0372-4,SIM-0372,S022,2026-06-26,Admin,35,True,Enterprise,synthetic,planning-v2-seed-20260920
ACT-0372-5,SIM-0372,S022,2026-07-17,Discovery,45,True,Enterprise,synthetic,planning-v2-seed-20260920
ACT-0373-0,SIM-0373,S023,2026-01-07,Admin,35,False,Scale,synthetic,planning-v2-seed-20260920
ACT-0373-1,SIM-0373,S023,2026-01-18,Discovery,45,True,Scale,synthetic,planning-v2-seed-20260920
ACT-0373-2,SIM-0373,S023,2026-01-29,Admin,35,True,Scale,synthetic,planning-v2-seed-20260920
ACT-0373-3,SIM-0373,S023,2026-02-09,Discovery,45,False,Scale,synthetic,planning-v2-seed-20260920
ACT-0373-4,SIM-0373,S023,2026-02-20,Admin,35,True,Scale,synthetic,planning-v2-seed-20260920
ACT-0373-5,SIM-0373,S023,2026-03-07,Discovery,45,True,Scale,synthetic,planning-v2-seed-20260920
ACT-0374-0,SIM-0374,S024,2026-06-21,Admin,35,False,Growth,synthetic,planning-v2-seed-20260920
ACT-0374-1,SIM-0374,S024,2026-07-12,Discovery,45,True,Growth,synthetic,planning-v2-seed-20260920
ACT-0374-2,SIM-0374,S024,2026-08-02,Admin,35,True,Growth,synthetic,planning-v2-seed-20260920
ACT-0374-3,SIM-0374,S024,2026-08-23,Discovery,45,False,Growth,synthetic,planning-v2-seed-20260920
ACT-0374-4,SIM-0374,S024,2026-09-13,Admin,35,True,Growth,synthetic,planning-v2-seed-20260920
ACT-0375-0,SIM-0375,S025,2026-06-14,Admin,35,False,Enterprise,synthetic,planning-v2-seed-20260920
ACT-0375-1,SIM-0375,S025,2026-07-07,Discovery,45,True,Enterprise,synthetic,planning-v2-seed-20260920
ACT-0375-2,SIM-0375,S025,2026-07-31,Admin,35,True,Enterprise,synthetic,planning-v2-seed-20260920
ACT-0375-3,SIM-0375,S025,2026-08-23,Discovery,45,False,Enterprise,synthetic,planning-v2-seed-20260920
ACT-0375-4,SIM-0375,S025,2026-09-16,Admin,35,True,Enterprise,synthetic,planning-v2-seed-20260920
ACT-0376-0,SIM-0376,S026,2026-05-10,Admin,35,False,Scale,synthetic,planning-v2-seed-20260920
ACT-0376-1,SIM-0376,S026,2026-06-03,Discovery,45,True,Scale,synthetic,planning-v2-seed-20260920
ACT-0376-2,SIM-0376,S026,2026-06-27,Admin,35,True,Scale,synthetic,planning-v2-seed-20260920
ACT-0376-3,SIM-0376,S026,2026-07-21,Discovery,45,False,Scale,synthetic,planning-v2-seed-20260920
ACT-0376-4,SIM-0376,S026,2026-08-14,Admin,35,True,Scale,synthetic,planning-v2-seed-20260920
ACT-0376-5,SIM-0376,S026,2026-09-03,Discovery,45,True,Scale,synthetic,planning-v2-seed-20260920
ACT-0377-0,SIM-0377,S027,2026-05-18,Admin,35,False,Growth,synthetic,planning-v2-seed-20260920
ACT-0377-1,SIM-0377,S027,2026-05-26,Discovery,45,True,Growth,synthetic,planning-v2-seed-20260920
ACT-0377-2,SIM-0377,S027,2026-06-03,Admin,35,True,Growth,synthetic,planning-v2-seed-20260920
ACT-0377-3,SIM-0377,S027,2026-06-11,Discovery,45,False,Growth,synthetic,planning-v2-seed-20260920
ACT-0377-4,SIM-0377,S027,2026-06-19,Admin,35,True,Growth,synthetic,planning-v2-seed-20260920
ACT-0377-5,SIM-0377,S027,2026-06-28,Discovery,45,True,Growth,synthetic,planning-v2-seed-20260920
ACT-0378-0,SIM-0378,S028,2026-07-11,Admin,35,False,Enterprise,synthetic,planning-v2-seed-20260920
ACT-0378-1,SIM-0378,S028,2026-07-19,Discovery,45,True,Enterprise,synthetic,planning-v2-seed-20260920
ACT-0378-2,SIM-0378,S028,2026-07-27,Admin,35,True,Enterprise,synthetic,planning-v2-seed-20260920
ACT-0378-3,SIM-0378,S028,2026-08-05,Discovery,45,False,Enterprise,synthetic,planning-v2-seed-20260920
ACT-0378-4,SIM-0378,S028,2026-08-13,Admin,35,True,Enterprise,synthetic,planning-v2-seed-20260920
ACT-0378-5,SIM-0378,S028,2026-08-20,Discovery,45,True,Enterprise,synthetic,planning-v2-seed-20260920
ACT-0379-0,SIM-0379,S029,2026-06-21,Admin,35,False,Scale,synthetic,planning-v2-seed-20260920
ACT-0379-1,SIM-0379,S029,2026-06-28,Discovery,45,True,Scale,synthetic,planning-v2-seed-20260920
ACT-0379-2,SIM-0379,S029,2026-07-06,Admin,35,True,Scale,synthetic,planning-v2-seed-20260920
ACT-0379-3,SIM-0379,S029,2026-07-14,Discovery,45,False,Scale,synthetic,planning-v2-seed-20260920
ACT-0379-4,SIM-0379,S029,2026-07-22,Admin,35,True,Scale,synthetic,planning-v2-seed-20260920
ACT-0379-5,SIM-0379,S029,2026-08-11,Discovery,45,True,Scale,synthetic,planning-v2-seed-20260920
ACT-0380-0,SIM-0380,S030,2026-09-17,Admin,35,False,Growth,synthetic,planning-v2-seed-20260920
ACT-0381-0,SIM-0381,S031,2026-07-25,Admin,35,False,Enterprise,synthetic,planning-v2-seed-20260920
ACT-0381-1,SIM-0381,S031,2026-08-02,Discovery,45,True,Enterprise,synthetic,planning-v2-seed-20260920
ACT-0381-2,SIM-0381,S031,2026-08-10,Admin,35,True,Enterprise,synthetic,planning-v2-seed-20260920
ACT-0381-3,SIM-0381,S031,2026-08-18,Discovery,45,False,Enterprise,synthetic,planning-v2-seed-20260920
ACT-0381-4,SIM-0381,S031,2026-08-26,Admin,35,True,Enterprise,synthetic,planning-v2-seed-20260920
ACT-0381-5,SIM-0381,S031,2026-09-15,Discovery,45,True,Enterprise,synthetic,planning-v2-seed-20260920
ACT-0382-0,SIM-0382,S032,2026-08-22,Admin,35,False,Scale,synthetic,planning-v2-seed-20260920
ACT-0382-1,SIM-0382,S032,2026-09-07,Discovery,45,True,Scale,synthetic,planning-v2-seed-20260920
ACT-0383-0,SIM-0383,S033,2026-09-04,Admin,35,False,Growth,synthetic,planning-v2-seed-20260920
ACT-0383-1,SIM-0383,S033,2026-09-15,Discovery,45,True,Growth,synthetic,planning-v2-seed-20260920
ACT-0384-0,SIM-0384,S034,2026-07-28,Admin,35,False,Enterprise,synthetic,planning-v2-seed-20260920
ACT-0384-1,SIM-0384,S034,2026-08-02,Discovery,45,True,Enterprise,synthetic,planning-v2-seed-20260920
ACT-0384-2,SIM-0384,S034,2026-08-07,Admin,35,True,Enterprise,synthetic,planning-v2-seed-20260920
ACT-0384-3,SIM-0384,S034,2026-08-13,Discovery,45,False,Enterprise,synthetic,planning-v2-seed-20260920
ACT-0384-4,SIM-0384,S034,2026-08-18,Admin,35,True,Enterprise,synthetic,planning-v2-seed-20260920
ACT-0384-5,SIM-0384,S034,2026-08-23,Discovery,45,True,Enterprise,synthetic,planning-v2-seed-20260920
ACT-0385-0,SIM-0385,S035,2026-09-05,Admin,35,False,Scale,synthetic,planning-v2-seed-20260920
ACT-0386-0,SIM-0386,S001,2026-09-11,Admin,35,False,Growth,synthetic,planning-v2-seed-20260920
ACT-0387-0,SIM-0387,S002,2026-01-31,Admin,35,False,Enterprise,synthetic,planning-v2-seed-20260920
ACT-0387-1,SIM-0387,S002,2026-02-13,Discovery,45,True,Enterprise,synthetic,planning-v2-seed-20260920
ACT-0387-2,SIM-0387,S002,2026-02-26,Admin,35,True,Enterprise,synthetic,planning-v2-seed-20260920
ACT-0387-3,SIM-0387,S002,2026-03-11,Discovery,45,False,Enterprise,synthetic,planning-v2-seed-20260920
ACT-0387-4,SIM-0387,S002,2026-03-24,Admin,35,True,Enterprise,synthetic,planning-v2-seed-20260920
ACT-0387-5,SIM-0387,S002,2026-04-15,Discovery,45,True,Enterprise,synthetic,planning-v2-seed-20260920
ACT-0388-0,SIM-0388,S003,2026-03-30,Admin,35,False,Scale,synthetic,planning-v2-seed-20260920
ACT-0388-1,SIM-0388,S003,2026-04-11,Discovery,45,True,Scale,synthetic,planning-v2-seed-20260920
ACT-0388-2,SIM-0388,S003,2026-04-24,Admin,35,True,Scale,synthetic,planning-v2-seed-20260920
ACT-0388-3,SIM-0388,S003,2026-05-07,Discovery,45,False,Scale,synthetic,planning-v2-seed-20260920
ACT-0388-4,SIM-0388,S003,2026-05-20,Admin,35,True,Scale,synthetic,planning-v2-seed-20260920
ACT-0388-5,SIM-0388,S003,2026-06-15,Discovery,45,True,Scale,synthetic,planning-v2-seed-20260920
ACT-0389-0,SIM-0389,S004,2025-12-10,Admin,35,False,Growth,synthetic,planning-v2-seed-20260920
ACT-0389-1,SIM-0389,S004,2025-12-16,Discovery,45,True,Growth,synthetic,planning-v2-seed-20260920
ACT-0389-2,SIM-0389,S004,2025-12-22,Admin,35,True,Growth,synthetic,planning-v2-seed-20260920
ACT-0389-3,SIM-0389,S004,2025-12-28,Discovery,45,False,Growth,synthetic,planning-v2-seed-20260920
ACT-0389-4,SIM-0389,S004,2026-01-03,Admin,35,True,Growth,synthetic,planning-v2-seed-20260920
ACT-0389-5,SIM-0389,S004,2026-01-08,Discovery,45,True,Growth,synthetic,planning-v2-seed-20260920
ACT-0390-0,SIM-0390,S005,2026-03-14,Admin,35,False,Enterprise,synthetic,planning-v2-seed-20260920
ACT-0390-1,SIM-0390,S005,2026-03-24,Discovery,45,True,Enterprise,synthetic,planning-v2-seed-20260920
ACT-0390-2,SIM-0390,S005,2026-04-04,Admin,35,True,Enterprise,synthetic,planning-v2-seed-20260920
ACT-0390-3,SIM-0390,S005,2026-04-15,Discovery,45,False,Enterprise,synthetic,planning-v2-seed-20260920
ACT-0390-4,SIM-0390,S005,2026-04-26,Admin,35,True,Enterprise,synthetic,planning-v2-seed-20260920
ACT-0390-5,SIM-0390,S005,2026-05-25,Discovery,45,True,Enterprise,synthetic,planning-v2-seed-20260920
ACT-0391-0,SIM-0391,S006,2025-12-15,Admin,35,False,Scale,synthetic,planning-v2-seed-20260920
ACT-0391-1,SIM-0391,S006,2026-01-02,Discovery,45,True,Scale,synthetic,planning-v2-seed-20260920
ACT-0391-2,SIM-0391,S006,2026-01-20,Admin,35,True,Scale,synthetic,planning-v2-seed-20260920
ACT-0391-3,SIM-0391,S006,2026-02-07,Discovery,45,False,Scale,synthetic,planning-v2-seed-20260920
ACT-0391-4,SIM-0391,S006,2026-02-25,Admin,35,True,Scale,synthetic,planning-v2-seed-20260920
ACT-0391-5,SIM-0391,S006,2026-04-05,Discovery,45,True,Scale,synthetic,planning-v2-seed-20260920
ACT-0392-0,SIM-0392,S007,2026-03-08,Admin,35,False,Growth,synthetic,planning-v2-seed-20260920
ACT-0392-1,SIM-0392,S007,2026-03-19,Discovery,45,True,Growth,synthetic,planning-v2-seed-20260920
ACT-0392-2,SIM-0392,S007,2026-03-31,Admin,35,True,Growth,synthetic,planning-v2-seed-20260920
ACT-0392-3,SIM-0392,S007,2026-04-11,Discovery,45,False,Growth,synthetic,planning-v2-seed-20260920
ACT-0392-4,SIM-0392,S007,2026-04-23,Admin,35,True,Growth,synthetic,planning-v2-seed-20260920
ACT-0392-5,SIM-0392,S007,2026-05-04,Discovery,45,True,Growth,synthetic,planning-v2-seed-20260920
ACT-0393-0,SIM-0393,S008,2026-03-06,Admin,35,False,Enterprise,synthetic,planning-v2-seed-20260920
ACT-0393-1,SIM-0393,S008,2026-03-24,Discovery,45,True,Enterprise,synthetic,planning-v2-seed-20260920
ACT-0393-2,SIM-0393,S008,2026-04-11,Admin,35,True,Enterprise,synthetic,planning-v2-seed-20260920
ACT-0393-3,SIM-0393,S008,2026-04-30,Discovery,45,False,Enterprise,synthetic,planning-v2-seed-20260920
ACT-0393-4,SIM-0393,S008,2026-05-18,Admin,35,True,Enterprise,synthetic,planning-v2-seed-20260920
ACT-0393-5,SIM-0393,S008,2026-06-26,Discovery,45,True,Enterprise,synthetic,planning-v2-seed-20260920
ACT-0394-0,SIM-0394,S009,2026-09-15,Admin,35,False,Scale,synthetic,planning-v2-seed-20260920
ACT-0395-0,SIM-0395,S010,2026-05-17,Admin,35,False,Growth,synthetic,planning-v2-seed-20260920
ACT-0395-1,SIM-0395,S010,2026-06-07,Discovery,45,True,Growth,synthetic,planning-v2-seed-20260920
ACT-0395-2,SIM-0395,S010,2026-06-28,Admin,35,True,Growth,synthetic,planning-v2-seed-20260920
ACT-0395-3,SIM-0395,S010,2026-07-20,Discovery,45,False,Growth,synthetic,planning-v2-seed-20260920
ACT-0395-4,SIM-0395,S010,2026-08-10,Admin,35,True,Growth,synthetic,planning-v2-seed-20260920
ACT-0395-5,SIM-0395,S010,2026-09-06,Discovery,45,True,Growth,synthetic,planning-v2-seed-20260920
ACT-0396-0,SIM-0396,S011,2026-01-09,Admin,35,False,Enterprise,synthetic,planning-v2-seed-20260920
ACT-0396-1,SIM-0396,S011,2026-01-29,Discovery,45,True,Enterprise,synthetic,planning-v2-seed-20260920
ACT-0396-2,SIM-0396,S011,2026-02-18,Admin,35,True,Enterprise,synthetic,planning-v2-seed-20260920
ACT-0396-3,SIM-0396,S011,2026-03-10,Discovery,45,False,Enterprise,synthetic,planning-v2-seed-20260920
ACT-0396-4,SIM-0396,S011,2026-03-30,Admin,35,True,Enterprise,synthetic,planning-v2-seed-20260920
ACT-0396-5,SIM-0396,S011,2026-05-01,Discovery,45,True,Enterprise,synthetic,planning-v2-seed-20260920
ACT-0397-0,SIM-0397,S012,2025-12-11,Admin,35,False,Scale,synthetic,planning-v2-seed-20260920
ACT-0397-1,SIM-0397,S012,2025-12-31,Discovery,45,True,Scale,synthetic,planning-v2-seed-20260920
ACT-0397-2,SIM-0397,S012,2026-01-20,Admin,35,True,Scale,synthetic,planning-v2-seed-20260920
ACT-0397-3,SIM-0397,S012,2026-02-10,Discovery,45,False,Scale,synthetic,planning-v2-seed-20260920
ACT-0397-4,SIM-0397,S012,2026-03-02,Admin,35,True,Scale,synthetic,planning-v2-seed-20260920
ACT-0397-5,SIM-0397,S012,2026-04-16,Discovery,45,True,Scale,synthetic,planning-v2-seed-20260920
ACT-0398-0,SIM-0398,S013,2026-08-01,Admin,35,False,Growth,synthetic,planning-v2-seed-20260920
ACT-0398-1,SIM-0398,S013,2026-08-08,Discovery,45,True,Growth,synthetic,planning-v2-seed-20260920
ACT-0398-2,SIM-0398,S013,2026-08-15,Admin,35,True,Growth,synthetic,planning-v2-seed-20260920
ACT-0398-3,SIM-0398,S013,2026-08-22,Discovery,45,False,Growth,synthetic,planning-v2-seed-20260920
ACT-0398-4,SIM-0398,S013,2026-08-29,Admin,35,True,Growth,synthetic,planning-v2-seed-20260920
ACT-0398-5,SIM-0398,S013,2026-09-15,Discovery,45,True,Growth,synthetic,planning-v2-seed-20260920
ACT-0399-0,SIM-0399,S014,2026-05-17,Admin,35,False,Enterprise,synthetic,planning-v2-seed-20260920
ACT-0399-1,SIM-0399,S014,2026-06-06,Discovery,45,True,Enterprise,synthetic,planning-v2-seed-20260920
ACT-0399-2,SIM-0399,S014,2026-06-26,Admin,35,True,Enterprise,synthetic,planning-v2-seed-20260920
ACT-0399-3,SIM-0399,S014,2026-07-17,Discovery,45,False,Enterprise,synthetic,planning-v2-seed-20260920
ACT-0399-4,SIM-0399,S014,2026-08-06,Admin,35,True,Enterprise,synthetic,planning-v2-seed-20260920
ACT-0400-0,SIM-0400,S015,2026-07-20,Admin,35,False,Scale,synthetic,planning-v2-seed-20260920
ACT-0400-1,SIM-0400,S015,2026-08-06,Discovery,45,True,Scale,synthetic,planning-v2-seed-20260920
ACT-0400-2,SIM-0400,S015,2026-08-23,Admin,35,True,Scale,synthetic,planning-v2-seed-20260920
ACT-0400-3,SIM-0400,S015,2026-09-10,Discovery,45,False,Scale,synthetic,planning-v2-seed-20260920
ACT-0401-0,SIM-0401,S016,2026-06-25,Admin,35,False,Growth,synthetic,planning-v2-seed-20260920
ACT-0401-1,SIM-0401,S016,2026-07-10,Discovery,45,True,Growth,synthetic,planning-v2-seed-20260920
ACT-0401-2,SIM-0401,S016,2026-07-25,Admin,35,True,Growth,synthetic,planning-v2-seed-20260920
ACT-0401-3,SIM-0401,S016,2026-08-09,Discovery,45,False,Growth,synthetic,planning-v2-seed-20260920
ACT-0401-4,SIM-0401,S016,2026-08-24,Admin,35,True,Growth,synthetic,planning-v2-seed-20260920
ACT-0402-0,SIM-0402,S017,2026-02-18,Admin,35,False,Enterprise,synthetic,planning-v2-seed-20260920
ACT-0402-1,SIM-0402,S017,2026-03-06,Discovery,45,True,Enterprise,synthetic,planning-v2-seed-20260920
ACT-0402-2,SIM-0402,S017,2026-03-23,Admin,35,True,Enterprise,synthetic,planning-v2-seed-20260920
ACT-0402-3,SIM-0402,S017,2026-04-09,Discovery,45,False,Enterprise,synthetic,planning-v2-seed-20260920
ACT-0402-4,SIM-0402,S017,2026-04-26,Admin,35,True,Enterprise,synthetic,planning-v2-seed-20260920
ACT-0402-5,SIM-0402,S017,2026-05-11,Discovery,45,True,Enterprise,synthetic,planning-v2-seed-20260920
ACT-0403-0,SIM-0403,S018,2025-12-24,Admin,35,False,Scale,synthetic,planning-v2-seed-20260920
ACT-0403-1,SIM-0403,S018,2026-01-09,Discovery,45,True,Scale,synthetic,planning-v2-seed-20260920
ACT-0403-2,SIM-0403,S018,2026-01-25,Admin,35,True,Scale,synthetic,planning-v2-seed-20260920
ACT-0403-3,SIM-0403,S018,2026-02-11,Discovery,45,False,Scale,synthetic,planning-v2-seed-20260920
ACT-0403-4,SIM-0403,S018,2026-02-27,Admin,35,True,Scale,synthetic,planning-v2-seed-20260920
ACT-0403-5,SIM-0403,S018,2026-03-25,Discovery,45,True,Scale,synthetic,planning-v2-seed-20260920
ACT-0404-0,SIM-0404,S019,2026-04-22,Admin,35,False,Growth,synthetic,planning-v2-seed-20260920
ACT-0404-1,SIM-0404,S019,2026-05-08,Discovery,45,True,Growth,synthetic,planning-v2-seed-20260920
ACT-0404-2,SIM-0404,S019,2026-05-24,Admin,35,True,Growth,synthetic,planning-v2-seed-20260920
ACT-0404-3,SIM-0404,S019,2026-06-09,Discovery,45,False,Growth,synthetic,planning-v2-seed-20260920
ACT-0404-4,SIM-0404,S019,2026-06-25,Admin,35,True,Growth,synthetic,planning-v2-seed-20260920
ACT-0404-5,SIM-0404,S019,2026-07-29,Discovery,45,True,Growth,synthetic,planning-v2-seed-20260920
ACT-0405-0,SIM-0405,S020,2026-03-25,Admin,35,False,Enterprise,synthetic,planning-v2-seed-20260920
ACT-0405-1,SIM-0405,S020,2026-04-16,Discovery,45,True,Enterprise,synthetic,planning-v2-seed-20260920
ACT-0405-2,SIM-0405,S020,2026-05-08,Admin,35,True,Enterprise,synthetic,planning-v2-seed-20260920
ACT-0405-3,SIM-0405,S020,2026-05-31,Discovery,45,False,Enterprise,synthetic,planning-v2-seed-20260920
ACT-0405-4,SIM-0405,S020,2026-06-22,Admin,35,True,Enterprise,synthetic,planning-v2-seed-20260920
ACT-0405-5,SIM-0405,S020,2026-07-24,Discovery,45,True,Enterprise,synthetic,planning-v2-seed-20260920
ACT-0406-0,SIM-0406,S021,2026-03-27,Admin,35,False,Scale,synthetic,planning-v2-seed-20260920
ACT-0406-1,SIM-0406,S021,2026-04-15,Discovery,45,True,Scale,synthetic,planning-v2-seed-20260920
ACT-0406-2,SIM-0406,S021,2026-05-05,Admin,35,True,Scale,synthetic,planning-v2-seed-20260920
ACT-0406-3,SIM-0406,S021,2026-05-24,Discovery,45,False,Scale,synthetic,planning-v2-seed-20260920
ACT-0406-4,SIM-0406,S021,2026-06-13,Admin,35,True,Scale,synthetic,planning-v2-seed-20260920
ACT-0406-5,SIM-0406,S021,2026-07-23,Discovery,45,True,Scale,synthetic,planning-v2-seed-20260920
ACT-0407-0,SIM-0407,S022,2026-09-16,Admin,35,False,Growth,synthetic,planning-v2-seed-20260920
ACT-0408-0,SIM-0408,S023,2026-09-10,Admin,35,False,Enterprise,synthetic,planning-v2-seed-20260920
ACT-0408-1,SIM-0408,S023,2026-09-17,Discovery,45,True,Enterprise,synthetic,planning-v2-seed-20260920
ACT-0409-0,SIM-0409,S024,2025-12-26,Admin,35,False,Scale,synthetic,planning-v2-seed-20260920
ACT-0409-1,SIM-0409,S024,2026-01-08,Discovery,45,True,Scale,synthetic,planning-v2-seed-20260920
ACT-0409-2,SIM-0409,S024,2026-01-21,Admin,35,True,Scale,synthetic,planning-v2-seed-20260920
ACT-0409-3,SIM-0409,S024,2026-02-04,Discovery,45,False,Scale,synthetic,planning-v2-seed-20260920
ACT-0409-4,SIM-0409,S024,2026-02-17,Admin,35,True,Scale,synthetic,planning-v2-seed-20260920
ACT-0409-5,SIM-0409,S024,2026-03-18,Discovery,45,True,Scale,synthetic,planning-v2-seed-20260920
ACT-0410-0,SIM-0410,S025,2026-07-04,Admin,35,False,Growth,synthetic,planning-v2-seed-20260920
ACT-0410-1,SIM-0410,S025,2026-07-27,Discovery,45,True,Growth,synthetic,planning-v2-seed-20260920
ACT-0410-2,SIM-0410,S025,2026-08-19,Admin,35,True,Growth,synthetic,planning-v2-seed-20260920
ACT-0410-3,SIM-0410,S025,2026-09-12,Discovery,45,False,Growth,synthetic,planning-v2-seed-20260920
ACT-0411-0,SIM-0411,S026,2025-12-01,Admin,35,False,Enterprise,synthetic,planning-v2-seed-20260920
ACT-0411-1,SIM-0411,S026,2025-12-20,Discovery,45,True,Enterprise,synthetic,planning-v2-seed-20260920
ACT-0411-2,SIM-0411,S026,2026-01-08,Admin,35,True,Enterprise,synthetic,planning-v2-seed-20260920
ACT-0411-3,SIM-0411,S026,2026-01-28,Discovery,45,False,Enterprise,synthetic,planning-v2-seed-20260920
ACT-0411-4,SIM-0411,S026,2026-02-16,Admin,35,True,Enterprise,synthetic,planning-v2-seed-20260920
ACT-0411-5,SIM-0411,S026,2026-03-12,Discovery,45,True,Enterprise,synthetic,planning-v2-seed-20260920
ACT-0412-0,SIM-0412,S027,2026-01-18,Admin,35,False,Scale,synthetic,planning-v2-seed-20260920
ACT-0412-1,SIM-0412,S027,2026-02-08,Discovery,45,True,Scale,synthetic,planning-v2-seed-20260920
ACT-0412-2,SIM-0412,S027,2026-03-01,Admin,35,True,Scale,synthetic,planning-v2-seed-20260920
ACT-0412-3,SIM-0412,S027,2026-03-23,Discovery,45,False,Scale,synthetic,planning-v2-seed-20260920
ACT-0412-4,SIM-0412,S027,2026-04-13,Admin,35,True,Scale,synthetic,planning-v2-seed-20260920
ACT-0412-5,SIM-0412,S027,2026-05-21,Discovery,45,True,Scale,synthetic,planning-v2-seed-20260920
ACT-0413-0,SIM-0413,S028,2026-05-12,Admin,35,False,Growth,synthetic,planning-v2-seed-20260920
ACT-0413-1,SIM-0413,S028,2026-05-24,Discovery,45,True,Growth,synthetic,planning-v2-seed-20260920
ACT-0413-2,SIM-0413,S028,2026-06-06,Admin,35,True,Growth,synthetic,planning-v2-seed-20260920
ACT-0413-3,SIM-0413,S028,2026-06-19,Discovery,45,False,Growth,synthetic,planning-v2-seed-20260920
ACT-0413-4,SIM-0413,S028,2026-07-02,Admin,35,True,Growth,synthetic,planning-v2-seed-20260920
ACT-0413-5,SIM-0413,S028,2026-08-06,Discovery,45,True,Growth,synthetic,planning-v2-seed-20260920
ACT-0414-0,SIM-0414,S029,2026-01-19,Admin,35,False,Enterprise,synthetic,planning-v2-seed-20260920
ACT-0414-1,SIM-0414,S029,2026-01-26,Discovery,45,True,Enterprise,synthetic,planning-v2-seed-20260920
ACT-0414-2,SIM-0414,S029,2026-02-03,Admin,35,True,Enterprise,synthetic,planning-v2-seed-20260920
ACT-0414-3,SIM-0414,S029,2026-02-11,Discovery,45,False,Enterprise,synthetic,planning-v2-seed-20260920
ACT-0414-4,SIM-0414,S029,2026-02-19,Admin,35,True,Enterprise,synthetic,planning-v2-seed-20260920
ACT-0414-5,SIM-0414,S029,2026-03-11,Discovery,45,True,Enterprise,synthetic,planning-v2-seed-20260920
ACT-0415-0,SIM-0415,S030,2026-03-27,Admin,35,False,Scale,synthetic,planning-v2-seed-20260920
ACT-0415-1,SIM-0415,S030,2026-04-07,Discovery,45,True,Scale,synthetic,planning-v2-seed-20260920
ACT-0415-2,SIM-0415,S030,2026-04-18,Admin,35,True,Scale,synthetic,planning-v2-seed-20260920
ACT-0415-3,SIM-0415,S030,2026-04-30,Discovery,45,False,Scale,synthetic,planning-v2-seed-20260920
ACT-0415-4,SIM-0415,S030,2026-05-11,Admin,35,True,Scale,synthetic,planning-v2-seed-20260920
ACT-0415-5,SIM-0415,S030,2026-06-07,Discovery,45,True,Scale,synthetic,planning-v2-seed-20260920
ACT-0416-0,SIM-0416,S031,2026-07-27,Admin,35,False,Growth,synthetic,planning-v2-seed-20260920
ACT-0416-1,SIM-0416,S031,2026-08-07,Discovery,45,True,Growth,synthetic,planning-v2-seed-20260920
ACT-0416-2,SIM-0416,S031,2026-08-18,Admin,35,True,Growth,synthetic,planning-v2-seed-20260920
ACT-0416-3,SIM-0416,S031,2026-08-29,Discovery,45,False,Growth,synthetic,planning-v2-seed-20260920
ACT-0416-4,SIM-0416,S031,2026-09-09,Admin,35,True,Growth,synthetic,planning-v2-seed-20260920
ACT-0417-0,SIM-0417,S032,2026-08-04,Admin,35,False,Enterprise,synthetic,planning-v2-seed-20260920
ACT-0417-1,SIM-0417,S032,2026-08-27,Discovery,45,True,Enterprise,synthetic,planning-v2-seed-20260920
ACT-0418-0,SIM-0418,S033,2026-09-07,Admin,35,False,Scale,synthetic,planning-v2-seed-20260920
ACT-0418-1,SIM-0418,S033,2026-09-13,Discovery,45,True,Scale,synthetic,planning-v2-seed-20260920
ACT-0419-0,SIM-0419,S034,2026-08-29,Admin,35,False,Growth,synthetic,planning-v2-seed-20260920
ACT-0419-1,SIM-0419,S034,2026-09-10,Discovery,45,True,Growth,synthetic,planning-v2-seed-20260920
ACT-0420-0,SIM-0420,S035,2026-08-10,Admin,35,False,Enterprise,synthetic,planning-v2-seed-20260920
ACT-0420-1,SIM-0420,S035,2026-08-16,Discovery,45,True,Enterprise,synthetic,planning-v2-seed-20260920
ACT-0420-2,SIM-0420,S035,2026-08-23,Admin,35,True,Enterprise,synthetic,planning-v2-seed-20260920
ACT-0420-3,SIM-0420,S035,2026-08-30,Discovery,45,False,Enterprise,synthetic,planning-v2-seed-20260920
ACT-0420-4,SIM-0420,S035,2026-09-06,Admin,35,True,Enterprise,synthetic,planning-v2-seed-20260920
ACT-0421-0,SIM-0421,S001,2026-03-30,Admin,35,False,Scale,synthetic,planning-v2-seed-20260920
ACT-0421-1,SIM-0421,S001,2026-04-04,Discovery,45,True,Scale,synthetic,planning-v2-seed-20260920
ACT-0421-2,SIM-0421,S001,2026-04-09,Admin,35,True,Scale,synthetic,planning-v2-seed-20260920
ACT-0421-3,SIM-0421,S001,2026-04-14,Discovery,45,False,Scale,synthetic,planning-v2-seed-20260920
ACT-0421-4,SIM-0421,S001,2026-04-19,Admin,35,True,Scale,synthetic,planning-v2-seed-20260920
ACT-0421-5,SIM-0421,S001,2026-05-01,Discovery,45,True,Scale,synthetic,planning-v2-seed-20260920
ACT-0422-0,SIM-0422,S002,2026-02-20,Admin,35,False,Growth,synthetic,planning-v2-seed-20260920
ACT-0422-1,SIM-0422,S002,2026-03-14,Discovery,45,True,Growth,synthetic,planning-v2-seed-20260920
ACT-0422-2,SIM-0422,S002,2026-04-06,Admin,35,True,Growth,synthetic,planning-v2-seed-20260920
ACT-0422-3,SIM-0422,S002,2026-04-28,Discovery,45,False,Growth,synthetic,planning-v2-seed-20260920
ACT-0422-4,SIM-0422,S002,2026-05-21,Admin,35,True,Growth,synthetic,planning-v2-seed-20260920
ACT-0422-5,SIM-0422,S002,2026-06-21,Discovery,45,True,Growth,synthetic,planning-v2-seed-20260920
ACT-0423-0,SIM-0423,S003,2026-09-09,Admin,35,False,Enterprise,synthetic,planning-v2-seed-20260920
ACT-0423-1,SIM-0423,S003,2026-09-16,Discovery,45,True,Enterprise,synthetic,planning-v2-seed-20260920
ACT-0424-0,SIM-0424,S004,2026-08-03,Admin,35,False,Scale,synthetic,planning-v2-seed-20260920
ACT-0424-1,SIM-0424,S004,2026-08-26,Discovery,45,True,Scale,synthetic,planning-v2-seed-20260920
ACT-0424-2,SIM-0424,S004,2026-09-18,Admin,35,True,Scale,synthetic,planning-v2-seed-20260920
ACT-0425-0,SIM-0425,S005,2026-04-16,Admin,35,False,Growth,synthetic,planning-v2-seed-20260920
ACT-0425-1,SIM-0425,S005,2026-04-23,Discovery,45,True,Growth,synthetic,planning-v2-seed-20260920
ACT-0425-2,SIM-0425,S005,2026-04-30,Admin,35,True,Growth,synthetic,planning-v2-seed-20260920
ACT-0425-3,SIM-0425,S005,2026-05-07,Discovery,45,False,Growth,synthetic,planning-v2-seed-20260920
ACT-0425-4,SIM-0425,S005,2026-05-14,Admin,35,True,Growth,synthetic,planning-v2-seed-20260920
ACT-0425-5,SIM-0425,S005,2026-06-09,Discovery,45,True,Growth,synthetic,planning-v2-seed-20260920
ACT-0426-0,SIM-0426,S006,2026-09-12,Admin,35,False,Growth,synthetic,planning-v2-seed-20260920
ACT-0427-0,SIM-0427,S007,2026-09-12,Admin,35,False,Enterprise,synthetic,planning-v2-seed-20260920
ACT-0428-0,SIM-0428,S008,2026-01-01,Admin,35,False,Scale,synthetic,planning-v2-seed-20260920
ACT-0428-1,SIM-0428,S008,2026-01-23,Discovery,45,True,Scale,synthetic,planning-v2-seed-20260920
ACT-0428-2,SIM-0428,S008,2026-02-14,Admin,35,True,Scale,synthetic,planning-v2-seed-20260920
ACT-0428-3,SIM-0428,S008,2026-03-09,Discovery,45,False,Scale,synthetic,planning-v2-seed-20260920
ACT-0428-4,SIM-0428,S008,2026-03-31,Admin,35,True,Scale,synthetic,planning-v2-seed-20260920
ACT-0428-5,SIM-0428,S008,2026-04-20,Discovery,45,True,Scale,synthetic,planning-v2-seed-20260920
ACT-0429-0,SIM-0429,S009,2026-05-30,Admin,35,False,Growth,synthetic,planning-v2-seed-20260920
ACT-0429-1,SIM-0429,S009,2026-06-19,Discovery,45,True,Growth,synthetic,planning-v2-seed-20260920
ACT-0429-2,SIM-0429,S009,2026-07-10,Admin,35,True,Growth,synthetic,planning-v2-seed-20260920
ACT-0429-3,SIM-0429,S009,2026-07-30,Discovery,45,False,Growth,synthetic,planning-v2-seed-20260920
ACT-0429-4,SIM-0429,S009,2026-08-20,Admin,35,True,Growth,synthetic,planning-v2-seed-20260920
ACT-0430-0,SIM-0430,S010,2026-05-12,Admin,35,False,Enterprise,synthetic,planning-v2-seed-20260920
ACT-0430-1,SIM-0430,S010,2026-05-27,Discovery,45,True,Enterprise,synthetic,planning-v2-seed-20260920
ACT-0430-2,SIM-0430,S010,2026-06-11,Admin,35,True,Enterprise,synthetic,planning-v2-seed-20260920
ACT-0430-3,SIM-0430,S010,2026-06-26,Discovery,45,False,Enterprise,synthetic,planning-v2-seed-20260920
ACT-0430-4,SIM-0430,S010,2026-07-11,Admin,35,True,Enterprise,synthetic,planning-v2-seed-20260920
ACT-0430-5,SIM-0430,S010,2026-07-25,Discovery,45,True,Enterprise,synthetic,planning-v2-seed-20260920
ACT-0431-0,SIM-0431,S011,2026-07-06,Admin,35,False,Scale,synthetic,planning-v2-seed-20260920
ACT-0431-1,SIM-0431,S011,2026-07-14,Discovery,45,True,Scale,synthetic,planning-v2-seed-20260920
ACT-0431-2,SIM-0431,S011,2026-07-22,Admin,35,True,Scale,synthetic,planning-v2-seed-20260920
ACT-0431-3,SIM-0431,S011,2026-07-31,Discovery,45,False,Scale,synthetic,planning-v2-seed-20260920
ACT-0431-4,SIM-0431,S011,2026-08-08,Admin,35,True,Scale,synthetic,planning-v2-seed-20260920
ACT-0431-5,SIM-0431,S011,2026-08-19,Discovery,45,True,Scale,synthetic,planning-v2-seed-20260920
ACT-0432-0,SIM-0432,S012,2026-09-09,Admin,35,False,Growth,synthetic,planning-v2-seed-20260920
ACT-0432-1,SIM-0432,S012,2026-09-15,Discovery,45,True,Growth,synthetic,planning-v2-seed-20260920
ACT-0433-0,SIM-0433,S013,2026-06-18,Admin,35,False,Enterprise,synthetic,planning-v2-seed-20260920
ACT-0433-1,SIM-0433,S013,2026-06-30,Discovery,45,True,Enterprise,synthetic,planning-v2-seed-20260920
ACT-0433-2,SIM-0433,S013,2026-07-12,Admin,35,True,Enterprise,synthetic,planning-v2-seed-20260920
ACT-0433-3,SIM-0433,S013,2026-07-24,Discovery,45,False,Enterprise,synthetic,planning-v2-seed-20260920
ACT-0433-4,SIM-0433,S013,2026-08-05,Admin,35,True,Enterprise,synthetic,planning-v2-seed-20260920
ACT-0433-5,SIM-0433,S013,2026-08-13,Discovery,45,True,Enterprise,synthetic,planning-v2-seed-20260920
ACT-0434-0,SIM-0434,S014,2026-07-12,Admin,35,False,Scale,synthetic,planning-v2-seed-20260920
ACT-0434-1,SIM-0434,S014,2026-07-17,Discovery,45,True,Scale,synthetic,planning-v2-seed-20260920
ACT-0434-2,SIM-0434,S014,2026-07-23,Admin,35,True,Scale,synthetic,planning-v2-seed-20260920
ACT-0434-3,SIM-0434,S014,2026-07-28,Discovery,45,False,Scale,synthetic,planning-v2-seed-20260920
ACT-0434-4,SIM-0434,S014,2026-08-03,Admin,35,True,Scale,synthetic,planning-v2-seed-20260920
ACT-0434-5,SIM-0434,S014,2026-08-20,Discovery,45,True,Scale,synthetic,planning-v2-seed-20260920
ACT-0435-0,SIM-0435,S015,2026-04-13,Admin,35,False,Growth,synthetic,planning-v2-seed-20260920
ACT-0435-1,SIM-0435,S015,2026-05-06,Discovery,45,True,Growth,synthetic,planning-v2-seed-20260920
ACT-0435-2,SIM-0435,S015,2026-05-29,Admin,35,True,Growth,synthetic,planning-v2-seed-20260920
ACT-0435-3,SIM-0435,S015,2026-06-21,Discovery,45,False,Growth,synthetic,planning-v2-seed-20260920
ACT-0435-4,SIM-0435,S015,2026-07-14,Admin,35,True,Growth,synthetic,planning-v2-seed-20260920
ACT-0435-5,SIM-0435,S015,2026-08-10,Discovery,45,True,Growth,synthetic,planning-v2-seed-20260920
ACT-0436-0,SIM-0436,S016,2026-01-18,Admin,35,False,Enterprise,synthetic,planning-v2-seed-20260920
ACT-0436-1,SIM-0436,S016,2026-02-06,Discovery,45,True,Enterprise,synthetic,planning-v2-seed-20260920
ACT-0436-2,SIM-0436,S016,2026-02-26,Admin,35,True,Enterprise,synthetic,planning-v2-seed-20260920
ACT-0436-3,SIM-0436,S016,2026-03-18,Discovery,45,False,Enterprise,synthetic,planning-v2-seed-20260920
ACT-0436-4,SIM-0436,S016,2026-04-07,Admin,35,True,Enterprise,synthetic,planning-v2-seed-20260920
ACT-0436-5,SIM-0436,S016,2026-05-07,Discovery,45,True,Enterprise,synthetic,planning-v2-seed-20260920
ACT-0437-0,SIM-0437,S017,2025-12-13,Admin,35,False,Scale,synthetic,planning-v2-seed-20260920
ACT-0437-1,SIM-0437,S017,2025-12-24,Discovery,45,True,Scale,synthetic,planning-v2-seed-20260920
ACT-0437-2,SIM-0437,S017,2026-01-04,Admin,35,True,Scale,synthetic,planning-v2-seed-20260920
ACT-0437-3,SIM-0437,S017,2026-01-16,Discovery,45,False,Scale,synthetic,planning-v2-seed-20260920
ACT-0437-4,SIM-0437,S017,2026-01-27,Admin,35,True,Scale,synthetic,planning-v2-seed-20260920
ACT-0437-5,SIM-0437,S017,2026-02-08,Discovery,45,True,Scale,synthetic,planning-v2-seed-20260920
ACT-0438-0,SIM-0438,S018,2025-12-08,Admin,35,False,Growth,synthetic,planning-v2-seed-20260920
ACT-0438-1,SIM-0438,S018,2025-12-14,Discovery,45,True,Growth,synthetic,planning-v2-seed-20260920
ACT-0438-2,SIM-0438,S018,2025-12-20,Admin,35,True,Growth,synthetic,planning-v2-seed-20260920
ACT-0438-3,SIM-0438,S018,2025-12-26,Discovery,45,False,Growth,synthetic,planning-v2-seed-20260920
ACT-0438-4,SIM-0438,S018,2026-01-01,Admin,35,True,Growth,synthetic,planning-v2-seed-20260920
ACT-0438-5,SIM-0438,S018,2026-01-02,Discovery,45,True,Growth,synthetic,planning-v2-seed-20260920
ACT-0439-0,SIM-0439,S019,2026-07-01,Admin,35,False,Enterprise,synthetic,planning-v2-seed-20260920
ACT-0439-1,SIM-0439,S019,2026-07-15,Discovery,45,True,Enterprise,synthetic,planning-v2-seed-20260920
ACT-0439-2,SIM-0439,S019,2026-07-29,Admin,35,True,Enterprise,synthetic,planning-v2-seed-20260920
ACT-0439-3,SIM-0439,S019,2026-08-12,Discovery,45,False,Enterprise,synthetic,planning-v2-seed-20260920
ACT-0439-4,SIM-0439,S019,2026-08-26,Admin,35,True,Enterprise,synthetic,planning-v2-seed-20260920
ACT-0440-0,SIM-0440,S020,2026-01-29,Admin,35,False,Scale,synthetic,planning-v2-seed-20260920
ACT-0440-1,SIM-0440,S020,2026-02-05,Discovery,45,True,Scale,synthetic,planning-v2-seed-20260920
ACT-0440-2,SIM-0440,S020,2026-02-12,Admin,35,True,Scale,synthetic,planning-v2-seed-20260920
ACT-0440-3,SIM-0440,S020,2026-02-20,Discovery,45,False,Scale,synthetic,planning-v2-seed-20260920
ACT-0440-4,SIM-0440,S020,2026-02-27,Admin,35,True,Scale,synthetic,planning-v2-seed-20260920
ACT-0440-5,SIM-0440,S020,2026-03-21,Discovery,45,True,Scale,synthetic,planning-v2-seed-20260920
ACT-0441-0,SIM-0441,S021,2026-02-06,Admin,35,False,Growth,synthetic,planning-v2-seed-20260920
ACT-0441-1,SIM-0441,S021,2026-02-20,Discovery,45,True,Growth,synthetic,planning-v2-seed-20260920
ACT-0441-2,SIM-0441,S021,2026-03-07,Admin,35,True,Growth,synthetic,planning-v2-seed-20260920
ACT-0441-3,SIM-0441,S021,2026-03-21,Discovery,45,False,Growth,synthetic,planning-v2-seed-20260920
ACT-0441-4,SIM-0441,S021,2026-04-05,Admin,35,True,Growth,synthetic,planning-v2-seed-20260920
ACT-0441-5,SIM-0441,S021,2026-04-29,Discovery,45,True,Growth,synthetic,planning-v2-seed-20260920
ACT-0442-0,SIM-0442,S022,2026-04-29,Admin,35,False,Enterprise,synthetic,planning-v2-seed-20260920
ACT-0442-1,SIM-0442,S022,2026-05-14,Discovery,45,True,Enterprise,synthetic,planning-v2-seed-20260920
ACT-0442-2,SIM-0442,S022,2026-05-30,Admin,35,True,Enterprise,synthetic,planning-v2-seed-20260920
ACT-0442-3,SIM-0442,S022,2026-06-15,Discovery,45,False,Enterprise,synthetic,planning-v2-seed-20260920
ACT-0442-4,SIM-0442,S022,2026-07-01,Admin,35,True,Enterprise,synthetic,planning-v2-seed-20260920
ACT-0442-5,SIM-0442,S022,2026-08-01,Discovery,45,True,Enterprise,synthetic,planning-v2-seed-20260920
ACT-0443-0,SIM-0443,S023,2026-03-27,Admin,35,False,Scale,synthetic,planning-v2-seed-20260920
ACT-0443-1,SIM-0443,S023,2026-04-19,Discovery,45,True,Scale,synthetic,planning-v2-seed-20260920
ACT-0443-2,SIM-0443,S023,2026-05-13,Admin,35,True,Scale,synthetic,planning-v2-seed-20260920
ACT-0443-3,SIM-0443,S023,2026-06-06,Discovery,45,False,Scale,synthetic,planning-v2-seed-20260920
ACT-0443-4,SIM-0443,S023,2026-06-30,Admin,35,True,Scale,synthetic,planning-v2-seed-20260920
ACT-0443-5,SIM-0443,S023,2026-08-01,Discovery,45,True,Scale,synthetic,planning-v2-seed-20260920
ACT-0444-0,SIM-0444,S024,2026-02-14,Admin,35,False,Growth,synthetic,planning-v2-seed-20260920
ACT-0444-1,SIM-0444,S024,2026-02-22,Discovery,45,True,Growth,synthetic,planning-v2-seed-20260920
ACT-0444-2,SIM-0444,S024,2026-03-03,Admin,35,True,Growth,synthetic,planning-v2-seed-20260920
ACT-0444-3,SIM-0444,S024,2026-03-11,Discovery,45,False,Growth,synthetic,planning-v2-seed-20260920
ACT-0444-4,SIM-0444,S024,2026-03-20,Admin,35,True,Growth,synthetic,planning-v2-seed-20260920
ACT-0444-5,SIM-0444,S024,2026-03-26,Discovery,45,True,Growth,synthetic,planning-v2-seed-20260920
ACT-0445-0,SIM-0445,S025,2025-12-01,Admin,35,False,Enterprise,synthetic,planning-v2-seed-20260920
ACT-0445-1,SIM-0445,S025,2025-12-22,Discovery,45,True,Enterprise,synthetic,planning-v2-seed-20260920
ACT-0445-2,SIM-0445,S025,2026-01-12,Admin,35,True,Enterprise,synthetic,planning-v2-seed-20260920
ACT-0445-3,SIM-0445,S025,2026-02-03,Discovery,45,False,Enterprise,synthetic,planning-v2-seed-20260920
ACT-0445-4,SIM-0445,S025,2026-02-24,Admin,35,True,Enterprise,synthetic,planning-v2-seed-20260920
ACT-0445-5,SIM-0445,S025,2026-03-29,Discovery,45,True,Enterprise,synthetic,planning-v2-seed-20260920
ACT-0446-0,SIM-0446,S026,2026-04-24,Admin,35,False,Scale,synthetic,planning-v2-seed-20260920
ACT-0446-1,SIM-0446,S026,2026-05-15,Discovery,45,True,Scale,synthetic,planning-v2-seed-20260920
ACT-0446-2,SIM-0446,S026,2026-06-05,Admin,35,True,Scale,synthetic,planning-v2-seed-20260920
ACT-0446-3,SIM-0446,S026,2026-06-26,Discovery,45,False,Scale,synthetic,planning-v2-seed-20260920
ACT-0446-4,SIM-0446,S026,2026-07-17,Admin,35,True,Scale,synthetic,planning-v2-seed-20260920
ACT-0446-5,SIM-0446,S026,2026-08-17,Discovery,45,True,Scale,synthetic,planning-v2-seed-20260920
ACT-0447-0,SIM-0447,S027,2026-03-13,Admin,35,False,Growth,synthetic,planning-v2-seed-20260920
ACT-0447-1,SIM-0447,S027,2026-04-01,Discovery,45,True,Growth,synthetic,planning-v2-seed-20260920
ACT-0447-2,SIM-0447,S027,2026-04-20,Admin,35,True,Growth,synthetic,planning-v2-seed-20260920
ACT-0447-3,SIM-0447,S027,2026-05-09,Discovery,45,False,Growth,synthetic,planning-v2-seed-20260920
ACT-0447-4,SIM-0447,S027,2026-05-28,Admin,35,True,Growth,synthetic,planning-v2-seed-20260920
ACT-0447-5,SIM-0447,S027,2026-07-06,Discovery,45,True,Growth,synthetic,planning-v2-seed-20260920
ACT-0448-0,SIM-0448,S028,2026-07-01,Admin,35,False,Enterprise,synthetic,planning-v2-seed-20260920
ACT-0448-1,SIM-0448,S028,2026-07-10,Discovery,45,True,Enterprise,synthetic,planning-v2-seed-20260920
ACT-0448-2,SIM-0448,S028,2026-07-20,Admin,35,True,Enterprise,synthetic,planning-v2-seed-20260920
ACT-0448-3,SIM-0448,S028,2026-07-30,Discovery,45,False,Enterprise,synthetic,planning-v2-seed-20260920
ACT-0448-4,SIM-0448,S028,2026-08-09,Admin,35,True,Enterprise,synthetic,planning-v2-seed-20260920
ACT-0448-5,SIM-0448,S028,2026-08-31,Discovery,45,True,Enterprise,synthetic,planning-v2-seed-20260920
ACT-0449-0,SIM-0449,S029,2026-05-08,Admin,35,False,Scale,synthetic,planning-v2-seed-20260920
ACT-0449-1,SIM-0449,S029,2026-05-19,Discovery,45,True,Scale,synthetic,planning-v2-seed-20260920
ACT-0449-2,SIM-0449,S029,2026-05-31,Admin,35,True,Scale,synthetic,planning-v2-seed-20260920
ACT-0449-3,SIM-0449,S029,2026-06-12,Discovery,45,False,Scale,synthetic,planning-v2-seed-20260920
ACT-0449-4,SIM-0449,S029,2026-06-24,Admin,35,True,Scale,synthetic,planning-v2-seed-20260920
ACT-0449-5,SIM-0449,S029,2026-07-16,Discovery,45,True,Scale,synthetic,planning-v2-seed-20260920
ACT-0450-0,SIM-0450,S030,2026-08-05,Admin,35,False,Growth,synthetic,planning-v2-seed-20260920
ACT-0450-1,SIM-0450,S030,2026-08-21,Discovery,45,True,Growth,synthetic,planning-v2-seed-20260920
ACT-0450-2,SIM-0450,S030,2026-09-06,Admin,35,True,Growth,synthetic,planning-v2-seed-20260920
ACT-0451-0,SIM-0451,S031,2026-08-04,Admin,35,False,Enterprise,synthetic,planning-v2-seed-20260920
ACT-0451-1,SIM-0451,S031,2026-08-13,Discovery,45,True,Enterprise,synthetic,planning-v2-seed-20260920
ACT-0451-2,SIM-0451,S031,2026-08-22,Admin,35,True,Enterprise,synthetic,planning-v2-seed-20260920
ACT-0451-3,SIM-0451,S031,2026-09-01,Discovery,45,False,Enterprise,synthetic,planning-v2-seed-20260920
ACT-0451-4,SIM-0451,S031,2026-09-10,Admin,35,True,Enterprise,synthetic,planning-v2-seed-20260920
ACT-0452-0,SIM-0452,S032,2026-09-03,Admin,35,False,Scale,synthetic,planning-v2-seed-20260920
ACT-0452-1,SIM-0452,S032,2026-09-16,Discovery,45,True,Scale,synthetic,planning-v2-seed-20260920
ACT-0453-0,SIM-0453,S033,2026-09-02,Admin,35,False,Growth,synthetic,planning-v2-seed-20260920
ACT-0453-1,SIM-0453,S033,2026-09-15,Discovery,45,True,Growth,synthetic,planning-v2-seed-20260920
ACT-0454-0,SIM-0454,S034,2026-07-04,Admin,35,False,Enterprise,synthetic,planning-v2-seed-20260920
ACT-0454-1,SIM-0454,S034,2026-07-18,Discovery,45,True,Enterprise,synthetic,planning-v2-seed-20260920
ACT-0454-2,SIM-0454,S034,2026-08-01,Admin,35,True,Enterprise,synthetic,planning-v2-seed-20260920
ACT-0454-3,SIM-0454,S034,2026-08-16,Discovery,45,False,Enterprise,synthetic,planning-v2-seed-20260920
ACT-0454-4,SIM-0454,S034,2026-08-30,Admin,35,True,Enterprise,synthetic,planning-v2-seed-20260920
ACT-0454-5,SIM-0454,S034,2026-09-18,Discovery,45,True,Enterprise,synthetic,planning-v2-seed-20260920
ACT-0455-0,SIM-0455,S035,2026-08-16,Admin,35,False,Scale,synthetic,planning-v2-seed-20260920
ACT-0455-1,SIM-0455,S035,2026-09-05,Discovery,45,True,Scale,synthetic,planning-v2-seed-20260920
ACT-0456-0,SIM-0456,S001,2026-05-30,Admin,35,False,Growth,synthetic,planning-v2-seed-20260920
ACT-0456-1,SIM-0456,S001,2026-06-18,Discovery,45,True,Growth,synthetic,planning-v2-seed-20260920
ACT-0456-2,SIM-0456,S001,2026-07-07,Admin,35,True,Growth,synthetic,planning-v2-seed-20260920
ACT-0456-3,SIM-0456,S001,2026-07-27,Discovery,45,False,Growth,synthetic,planning-v2-seed-20260920
ACT-0456-4,SIM-0456,S001,2026-08-15,Admin,35,True,Growth,synthetic,planning-v2-seed-20260920
ACT-0456-5,SIM-0456,S001,2026-09-05,Discovery,45,True,Growth,synthetic,planning-v2-seed-20260920
ACT-0457-0,SIM-0457,S002,2026-03-07,Admin,35,False,Enterprise,synthetic,planning-v2-seed-20260920
ACT-0457-1,SIM-0457,S002,2026-03-25,Discovery,45,True,Enterprise,synthetic,planning-v2-seed-20260920
ACT-0457-2,SIM-0457,S002,2026-04-13,Admin,35,True,Enterprise,synthetic,planning-v2-seed-20260920
ACT-0457-3,SIM-0457,S002,2026-05-02,Discovery,45,False,Enterprise,synthetic,planning-v2-seed-20260920
ACT-0457-4,SIM-0457,S002,2026-05-21,Admin,35,True,Enterprise,synthetic,planning-v2-seed-20260920
ACT-0457-5,SIM-0457,S002,2026-06-28,Discovery,45,True,Enterprise,synthetic,planning-v2-seed-20260920
ACT-0458-0,SIM-0458,S003,2026-04-14,Admin,35,False,Scale,synthetic,planning-v2-seed-20260920
ACT-0458-1,SIM-0458,S003,2026-05-08,Discovery,45,True,Scale,synthetic,planning-v2-seed-20260920
ACT-0458-2,SIM-0458,S003,2026-06-01,Admin,35,True,Scale,synthetic,planning-v2-seed-20260920
ACT-0458-3,SIM-0458,S003,2026-06-25,Discovery,45,False,Scale,synthetic,planning-v2-seed-20260920
ACT-0458-4,SIM-0458,S003,2026-07-19,Admin,35,True,Scale,synthetic,planning-v2-seed-20260920
ACT-0458-5,SIM-0458,S003,2026-08-08,Discovery,45,True,Scale,synthetic,planning-v2-seed-20260920
ACT-0459-0,SIM-0459,S004,2026-01-21,Admin,35,False,Growth,synthetic,planning-v2-seed-20260920
ACT-0459-1,SIM-0459,S004,2026-01-26,Discovery,45,True,Growth,synthetic,planning-v2-seed-20260920
ACT-0459-2,SIM-0459,S004,2026-01-31,Admin,35,True,Growth,synthetic,planning-v2-seed-20260920
ACT-0459-3,SIM-0459,S004,2026-02-05,Discovery,45,False,Growth,synthetic,planning-v2-seed-20260920
ACT-0459-4,SIM-0459,S004,2026-02-10,Admin,35,True,Growth,synthetic,planning-v2-seed-20260920
ACT-0459-5,SIM-0459,S004,2026-03-10,Discovery,45,True,Growth,synthetic,planning-v2-seed-20260920
ACT-0460-0,SIM-0460,S005,2026-01-19,Admin,35,False,Enterprise,synthetic,planning-v2-seed-20260920
ACT-0460-1,SIM-0460,S005,2026-01-29,Discovery,45,True,Enterprise,synthetic,planning-v2-seed-20260920
ACT-0460-2,SIM-0460,S005,2026-02-09,Admin,35,True,Enterprise,synthetic,planning-v2-seed-20260920
ACT-0460-3,SIM-0460,S005,2026-02-20,Discovery,45,False,Enterprise,synthetic,planning-v2-seed-20260920
ACT-0460-4,SIM-0460,S005,2026-03-03,Admin,35,True,Enterprise,synthetic,planning-v2-seed-20260920
ACT-0460-5,SIM-0460,S005,2026-03-23,Discovery,45,True,Enterprise,synthetic,planning-v2-seed-20260920
ACT-0461-0,SIM-0461,S006,2026-03-16,Admin,35,False,Scale,synthetic,planning-v2-seed-20260920
ACT-0461-1,SIM-0461,S006,2026-03-25,Discovery,45,True,Scale,synthetic,planning-v2-seed-20260920
ACT-0461-2,SIM-0461,S006,2026-04-03,Admin,35,True,Scale,synthetic,planning-v2-seed-20260920
ACT-0461-3,SIM-0461,S006,2026-04-12,Discovery,45,False,Scale,synthetic,planning-v2-seed-20260920
ACT-0461-4,SIM-0461,S006,2026-04-21,Admin,35,True,Scale,synthetic,planning-v2-seed-20260920
ACT-0461-5,SIM-0461,S006,2026-05-11,Discovery,45,True,Scale,synthetic,planning-v2-seed-20260920
ACT-0462-0,SIM-0462,S007,2026-06-23,Admin,35,False,Growth,synthetic,planning-v2-seed-20260920
ACT-0462-1,SIM-0462,S007,2026-07-09,Discovery,45,True,Growth,synthetic,planning-v2-seed-20260920
ACT-0462-2,SIM-0462,S007,2026-07-25,Admin,35,True,Growth,synthetic,planning-v2-seed-20260920
ACT-0462-3,SIM-0462,S007,2026-08-10,Discovery,45,False,Growth,synthetic,planning-v2-seed-20260920
ACT-0462-4,SIM-0462,S007,2026-08-26,Admin,35,True,Growth,synthetic,planning-v2-seed-20260920
ACT-0463-0,SIM-0463,S008,2026-03-06,Admin,35,False,Enterprise,synthetic,planning-v2-seed-20260920
ACT-0463-1,SIM-0463,S008,2026-03-24,Discovery,45,True,Enterprise,synthetic,planning-v2-seed-20260920
ACT-0463-2,SIM-0463,S008,2026-04-12,Admin,35,True,Enterprise,synthetic,planning-v2-seed-20260920
ACT-0463-3,SIM-0463,S008,2026-04-30,Discovery,45,False,Enterprise,synthetic,planning-v2-seed-20260920
ACT-0463-4,SIM-0463,S008,2026-05-19,Admin,35,True,Enterprise,synthetic,planning-v2-seed-20260920
ACT-0463-5,SIM-0463,S008,2026-06-29,Discovery,45,True,Enterprise,synthetic,planning-v2-seed-20260920
ACT-0464-0,SIM-0464,S009,2026-05-02,Admin,35,False,Scale,synthetic,planning-v2-seed-20260920
ACT-0464-1,SIM-0464,S009,2026-05-18,Discovery,45,True,Scale,synthetic,planning-v2-seed-20260920
ACT-0464-2,SIM-0464,S009,2026-06-03,Admin,35,True,Scale,synthetic,planning-v2-seed-20260920
ACT-0464-3,SIM-0464,S009,2026-06-19,Discovery,45,False,Scale,synthetic,planning-v2-seed-20260920
ACT-0464-4,SIM-0464,S009,2026-07-05,Admin,35,True,Scale,synthetic,planning-v2-seed-20260920
ACT-0464-5,SIM-0464,S009,2026-08-11,Discovery,45,True,Scale,synthetic,planning-v2-seed-20260920
ACT-0465-0,SIM-0465,S010,2026-04-06,Admin,35,False,Growth,synthetic,planning-v2-seed-20260920
ACT-0465-1,SIM-0465,S010,2026-04-18,Discovery,45,True,Growth,synthetic,planning-v2-seed-20260920
ACT-0465-2,SIM-0465,S010,2026-05-01,Admin,35,True,Growth,synthetic,planning-v2-seed-20260920
ACT-0465-3,SIM-0465,S010,2026-05-13,Discovery,45,False,Growth,synthetic,planning-v2-seed-20260920
ACT-0465-4,SIM-0465,S010,2026-05-26,Admin,35,True,Growth,synthetic,planning-v2-seed-20260920
ACT-0465-5,SIM-0465,S010,2026-06-25,Discovery,45,True,Growth,synthetic,planning-v2-seed-20260920
ACT-0466-0,SIM-0466,S011,2026-09-10,Admin,35,False,Enterprise,synthetic,planning-v2-seed-20260920
ACT-0467-0,SIM-0467,S012,2026-09-17,Admin,35,False,Scale,synthetic,planning-v2-seed-20260920
ACT-0468-0,SIM-0468,S013,2026-08-10,Admin,35,False,Growth,synthetic,planning-v2-seed-20260920
ACT-0468-1,SIM-0468,S013,2026-08-22,Discovery,45,True,Growth,synthetic,planning-v2-seed-20260920
ACT-0468-2,SIM-0468,S013,2026-09-03,Admin,35,True,Growth,synthetic,planning-v2-seed-20260920
ACT-0468-3,SIM-0468,S013,2026-09-15,Discovery,45,False,Growth,synthetic,planning-v2-seed-20260920
ACT-0469-0,SIM-0469,S014,2026-02-11,Admin,35,False,Enterprise,synthetic,planning-v2-seed-20260920
ACT-0469-1,SIM-0469,S014,2026-02-18,Discovery,45,True,Enterprise,synthetic,planning-v2-seed-20260920
ACT-0469-2,SIM-0469,S014,2026-02-25,Admin,35,True,Enterprise,synthetic,planning-v2-seed-20260920
ACT-0469-3,SIM-0469,S014,2026-03-04,Discovery,45,False,Enterprise,synthetic,planning-v2-seed-20260920
ACT-0469-4,SIM-0469,S014,2026-03-11,Admin,35,True,Enterprise,synthetic,planning-v2-seed-20260920
ACT-0469-5,SIM-0469,S014,2026-03-23,Discovery,45,True,Enterprise,synthetic,planning-v2-seed-20260920
ACT-0470-0,SIM-0470,S015,2026-03-10,Admin,35,False,Scale,synthetic,planning-v2-seed-20260920
ACT-0470-1,SIM-0470,S015,2026-03-24,Discovery,45,True,Scale,synthetic,planning-v2-seed-20260920
ACT-0470-2,SIM-0470,S015,2026-04-08,Admin,35,True,Scale,synthetic,planning-v2-seed-20260920
ACT-0470-3,SIM-0470,S015,2026-04-23,Discovery,45,False,Scale,synthetic,planning-v2-seed-20260920
ACT-0470-4,SIM-0470,S015,2026-05-08,Admin,35,True,Scale,synthetic,planning-v2-seed-20260920
ACT-0470-5,SIM-0470,S015,2026-06-14,Discovery,45,True,Scale,synthetic,planning-v2-seed-20260920
ACT-0471-0,SIM-0471,S016,2025-12-07,Admin,35,False,Growth,synthetic,planning-v2-seed-20260920
ACT-0471-1,SIM-0471,S016,2025-12-23,Discovery,45,True,Growth,synthetic,planning-v2-seed-20260920
ACT-0471-2,SIM-0471,S016,2026-01-08,Admin,35,True,Growth,synthetic,planning-v2-seed-20260920
ACT-0471-3,SIM-0471,S016,2026-01-24,Discovery,45,False,Growth,synthetic,planning-v2-seed-20260920
ACT-0471-4,SIM-0471,S016,2026-02-09,Admin,35,True,Growth,synthetic,planning-v2-seed-20260920
ACT-0471-5,SIM-0471,S016,2026-02-21,Discovery,45,True,Growth,synthetic,planning-v2-seed-20260920
ACT-0472-0,SIM-0472,S017,2026-01-24,Admin,35,False,Enterprise,synthetic,planning-v2-seed-20260920
ACT-0472-1,SIM-0472,S017,2026-02-08,Discovery,45,True,Enterprise,synthetic,planning-v2-seed-20260920
ACT-0472-2,SIM-0472,S017,2026-02-23,Admin,35,True,Enterprise,synthetic,planning-v2-seed-20260920
ACT-0472-3,SIM-0472,S017,2026-03-10,Discovery,45,False,Enterprise,synthetic,planning-v2-seed-20260920
ACT-0472-4,SIM-0472,S017,2026-03-25,Admin,35,True,Enterprise,synthetic,planning-v2-seed-20260920
ACT-0472-5,SIM-0472,S017,2026-04-29,Discovery,45,True,Enterprise,synthetic,planning-v2-seed-20260920
ACT-0473-0,SIM-0473,S018,2026-03-25,Admin,35,False,Scale,synthetic,planning-v2-seed-20260920
ACT-0473-1,SIM-0473,S018,2026-04-14,Discovery,45,True,Scale,synthetic,planning-v2-seed-20260920
ACT-0473-2,SIM-0473,S018,2026-05-05,Admin,35,True,Scale,synthetic,planning-v2-seed-20260920
ACT-0473-3,SIM-0473,S018,2026-05-25,Discovery,45,False,Scale,synthetic,planning-v2-seed-20260920
ACT-0473-4,SIM-0473,S018,2026-06-15,Admin,35,True,Scale,synthetic,planning-v2-seed-20260920
ACT-0473-5,SIM-0473,S018,2026-07-02,Discovery,45,True,Scale,synthetic,planning-v2-seed-20260920
ACT-0474-0,SIM-0474,S019,2026-09-15,Admin,35,False,Growth,synthetic,planning-v2-seed-20260920
ACT-0475-0,SIM-0475,S020,2026-02-27,Admin,35,False,Enterprise,synthetic,planning-v2-seed-20260920
ACT-0475-1,SIM-0475,S020,2026-03-13,Discovery,45,True,Enterprise,synthetic,planning-v2-seed-20260920
ACT-0475-2,SIM-0475,S020,2026-03-27,Admin,35,True,Enterprise,synthetic,planning-v2-seed-20260920
ACT-0475-3,SIM-0475,S020,2026-04-11,Discovery,45,False,Enterprise,synthetic,planning-v2-seed-20260920
ACT-0475-4,SIM-0475,S020,2026-04-25,Admin,35,True,Enterprise,synthetic,planning-v2-seed-20260920
ACT-0475-5,SIM-0475,S020,2026-06-03,Discovery,45,True,Enterprise,synthetic,planning-v2-seed-20260920
ACT-0476-0,SIM-0476,S021,2026-08-07,Admin,35,False,Scale,synthetic,planning-v2-seed-20260920
ACT-0476-1,SIM-0476,S021,2026-08-23,Discovery,45,True,Scale,synthetic,planning-v2-seed-20260920
ACT-0476-2,SIM-0476,S021,2026-09-09,Admin,35,True,Scale,synthetic,planning-v2-seed-20260920
ACT-0477-0,SIM-0477,S022,2026-09-02,Admin,35,False,Growth,synthetic,planning-v2-seed-20260920
ACT-0477-1,SIM-0477,S022,2026-09-12,Discovery,45,True,Growth,synthetic,planning-v2-seed-20260920
ACT-0478-0,SIM-0478,S023,2026-07-01,Admin,35,False,Enterprise,synthetic,planning-v2-seed-20260920
ACT-0478-1,SIM-0478,S023,2026-07-25,Discovery,45,True,Enterprise,synthetic,planning-v2-seed-20260920
ACT-0478-2,SIM-0478,S023,2026-08-18,Admin,35,True,Enterprise,synthetic,planning-v2-seed-20260920
ACT-0478-3,SIM-0478,S023,2026-09-11,Discovery,45,False,Enterprise,synthetic,planning-v2-seed-20260920
ACT-0479-0,SIM-0479,S024,2026-09-16,Admin,35,False,Scale,synthetic,planning-v2-seed-20260920
ACT-0480-0,SIM-0480,S025,2026-01-17,Admin,35,False,Growth,synthetic,planning-v2-seed-20260920
ACT-0480-1,SIM-0480,S025,2026-02-06,Discovery,45,True,Growth,synthetic,planning-v2-seed-20260920
ACT-0480-2,SIM-0480,S025,2026-02-27,Admin,35,True,Growth,synthetic,planning-v2-seed-20260920
ACT-0480-3,SIM-0480,S025,2026-03-20,Discovery,45,False,Growth,synthetic,planning-v2-seed-20260920
ACT-0480-4,SIM-0480,S025,2026-04-10,Admin,35,True,Growth,synthetic,planning-v2-seed-20260920
ACT-0480-5,SIM-0480,S025,2026-05-05,Discovery,45,True,Growth,synthetic,planning-v2-seed-20260920
